Id,Area,Bedrooms,Bathrooms,Floors,YearBuilt,Location,Condition,Garage,Price,Garage,Price,Bathrooms,Area,Area,Location,Floors
1,1360,5,4,3,1970,Downtown,Excellent,No,149919,No,149919,4,1360,1360,Downtown,3
2,4272,5,4,3,1958,Downtown,Excellent,No,424998,No,424998,4,4272,4272,Downtown,3
3,3592,2,2,3,1938,Downtown,Good,No,266746,No,266746,2,3592,3592,Downtown,3
4,966,4,2,2,1902,Suburban,Fair,Yes,244020,Yes,244020,,966,966,Suburban,2
5,4926,1,4,2,1975,Downtown,Fair,Yes,636056,Yes,636056,,4926,,Downtown,2
6,3944,1,2,1,1906,Urban,Poor,No,93262,No,,2,3944,3944,Urban,1
7,3671,1,1,2,1948,Rural,Poor,Yes,448722,Yes,448722,1,3671,3671,Rural,2
8,3419,2,4,1,1925,Suburban,Good,Yes,594893,Yes,594893,4,3419,3419,Suburban,1
9,630,2,2,1,1932,Rural,Poor,Yes,652878,Yes,652878,,630,630,Rural,1
10,2185,3,3,1,2000,,Poor,No,340375,No,340375,3,,2185,,1
11,1269,1,4,2,1947,Suburban,Poor,Yes,653685,Yes,,4,1269,1269,Suburban,2
12,2891,4,4,3,1978,Urban,Excellent,Yes,127123,Yes,127123,4,2891,2891,Urban,3
13,2933,4,3,2,1901,Downtown,Poor,No,849947,No,849947,3,2933,,Downtown,2
14,1684,1,1,1,2004,Rural,Good,No,399355,No,399355,1,1684,2891,Rural,1
15,3885,1,3,1,1970,Urban,Fair,Yes,481838,Yes,481838,3,3885,2891,Urban,1
16,4617,1,4,2,1931,Downtown,Poor,No,853032,No,853032,4,4617,2891,Downtown,2
17,3404,2,1,1,1903,Urban,Fair,Yes,208964,Yes,208964,1,3404,2891,Urban,1
18,974,2,2,1,1919,Downtown,Poor,Yes,905742,Yes,905742,2,974,2891,Downtown,1
19,1582,2,2,2,2013,Suburban,Good,No,989305,No,989305,2,1582,2891,Suburban,2
20,3058,5,2,2,2016,Downtown,Excellent,No,218767,No,218767,2,3058,2891,Downtown,2
21,2547,4,4,2,1935,Suburban,Good,Yes,996357,Yes,996357,4,2547,2891,Suburban,2
22,3247,4,3,1,1931,Downtown,Excellent,No,709789,No,709789,3,3247,2891,Downtown,1
23,1475,3,1,1,1927,Downtown,Poor,No,709966,No,709966,1,1475,2891,Downtown,1
24,2306,2,2,3,1976,Rural,Poor,Yes,447694,Yes,447694,2,2306,2891,Rural,3
25,689,5,1,3,1900,Urban,Excellent,Yes,688668,Yes,688668,1,689,2891,Urban,3
26,3234,5,4,2,1959,Urban,Good,Yes,527032,Yes,527032,4,3234,2891,Urban,2
27,3505,4,2,3,1955,Urban,Good,Yes,745494,Yes,745494,2,3505,2891,Urban,3
28,2399,2,4,1,1934,Downtown,Excellent,Yes,513179,Yes,513179,4,2399,2891,Downtown,1
29,1767,3,3,3,2011,Downtown,Poor,Yes,948212,Yes,948212,3,1767,2891,Downtown,3
30,2028,2,4,1,1929,Downtown,Excellent,No,206547,No,206547,4,2028,2891,Downtown,1
31,3702,1,4,2,1953,Suburban,Poor,No,902609,No,902609,4,3702,2891,Suburban,2
32,4056,2,3,2,1935,Suburban,Excellent,Yes,727090,Yes,727090,3,4056,2891,Suburban,2
33,4390,1,1,1,2020,Rural,Poor,No,202185,No,202185,1,4390,2891,Rural,1
34,1146,1,3,3,1954,Downtown,Excellent,No,725371,No,725371,3,1146,2891,Downtown,3
35,3388,3,3,2,1988,Urban,Fair,Yes,105746,Yes,105746,3,3388,2891,Urban,2
36,2935,4,4,2,1979,Urban,Poor,No,959507,No,959507,4,2935,2891,Urban,2
37,1100,2,1,3,1957,Rural,Good,No,748213,No,748213,1,1100,2891,Rural,3
38,2863,1,2,3,1982,Urban,Excellent,Yes,921627,Yes,921627,2,2863,2891,Urban,3
39,2561,2,3,1,1964,Rural,Good,No,873250,No,873250,3,2561,2891,Rural,1
40,741,4,1,3,1968,Downtown,Excellent,No,218393,No,218393,1,741,2891,Downtown,3
41,2541,4,3,3,1950,Urban,Good,Yes,333453,Yes,333453,3,2541,2891,Urban,3
42,3324,5,3,3,1921,Downtown,Good,No,986192,No,986192,3,3324,2891,Downtown,3
43,3112,4,3,1,1987,Suburban,Excellent,No,340320,No,340320,3,3112,2891,Suburban,1
44,1863,3,3,1,2006,Urban,Excellent,No,643167,No,643167,3,1863,2891,Urban,1
45,1978,1,4,2,2008,Suburban,Good,Yes,641880,Yes,641880,4,1978,2891,Suburban,2
46,3056,5,1,1,2015,Urban,Good,Yes,396872,Yes,396872,1,3056,2891,Urban,1
47,1275,3,1,2,2000,Downtown,Good,No,270084,No,270084,1,1275,2891,Downtown,2
48,4514,2,1,3,1952,Rural,Poor,No,976920,No,976920,1,4514,2891,Rural,3
49,534,1,3,2,1999,Downtown,Poor,Yes,771782,Yes,771782,3,534,2891,Downtown,2
50,3652,4,4,2,1935,Downtown,Fair,Yes,845016,Yes,845016,4,3652,2891,Downtown,2
51,2455,1,3,3,1967,Downtown,Poor,No,698843,No,698843,3,2455,2891,Downtown,3
52,2085,2,3,2,1935,Urban,Poor,Yes,405446,Yes,405446,3,2085,2891,Urban,2
53,4443,5,1,1,1951,Rural,Excellent,No,958840,No,958840,1,4443,2891,Rural,1
54,3573,5,3,1,1952,Suburban,Fair,No,593118,No,593118,3,3573,2891,Suburban,1
55,1521,5,2,1,1981,Downtown,Fair,Yes,266897,Yes,266897,2,1521,2891,Downtown,1
56,3961,4,3,1,1949,Urban,Poor,Yes,826522,Yes,826522,3,3961,2891,Urban,1
57,3113,3,2,2,1979,Suburban,Excellent,No,913498,No,913498,2,3113,2891,Suburban,2
58,4343,3,3,2,1940,Downtown,Excellent,No,840023,No,840023,3,4343,2891,Downtown,2
59,2000,1,4,3,1917,Suburban,Fair,Yes,143878,Yes,143878,4,2000,2891,Suburban,3
60,661,4,4,2,1921,Downtown,Excellent,No,175407,No,175407,4,661,2891,Downtown,2
61,4797,5,1,2,1965,Suburban,Good,Yes,691157,Yes,691157,1,4797,2891,Suburban,2
62,2481,5,3,2,1920,Suburban,Poor,Yes,307716,Yes,307716,3,2481,2891,Suburban,2
63,1495,2,2,3,1999,Rural,Good,Yes,857827,Yes,857827,2,1495,2891,Rural,3
64,3842,2,2,1,1943,Rural,Fair,Yes,66738,Yes,66738,2,3842,2891,Rural,1
65,4298,5,3,2,2002,Downtown,Fair,Yes,183703,Yes,183703,3,4298,2891,Downtown,2
66,1775,5,2,3,1946,Urban,Excellent,No,723265,No,723265,2,1775,2891,Urban,3
67,1516,4,4,3,1938,Rural,Excellent,Yes,593344,Yes,593344,4,1516,2891,Rural,3
68,837,3,2,3,1928,Suburban,Fair,Yes,815034,Yes,815034,2,837,2891,Suburban,3
69,1378,2,1,1,1953,Rural,Fair,Yes,560241,Yes,560241,1,1378,2891,Rural,1
70,1576,3,4,2,1989,Rural,Good,Yes,433800,Yes,433800,4,1576,2891,Rural,2
71,4493,4,4,3,1984,Downtown,Good,Yes,689604,Yes,689604,4,4493,2891,Downtown,3
72,879,5,4,1,1916,Rural,Excellent,Yes,740807,Yes,740807,4,879,2891,Rural,1
73,992,3,3,3,1979,Rural,Good,Yes,628706,Yes,628706,3,992,2891,Rural,3
74,2562,5,3,3,1959,Suburban,Excellent,No,873622,No,873622,3,2562,2891,Suburban,3
75,4384,5,4,3,1930,Rural,Excellent,No,76014,No,76014,4,4384,2891,Rural,3
76,564,1,3,3,2014,Suburban,Poor,No,778359,No,778359,3,564,2891,Suburban,3
77,3068,3,2,3,1972,Rural,Excellent,No,813277,No,813277,2,3068,2891,Rural,3
78,2527,3,3,1,1994,Rural,Good,Yes,231350,Yes,231350,3,2527,2891,Rural,1
79,3195,5,3,2,1977,Urban,Fair,No,961995,No,961995,3,3195,2891,Urban,2
80,1995,4,4,2,1948,Rural,Fair,Yes,838212,Yes,838212,4,1995,2891,Rural,2
81,891,1,1,2,2000,Suburban,Good,No,534859,No,534859,1,891,2891,Suburban,2
82,4974,5,1,2,1901,Suburban,Fair,No,764618,No,764618,1,4974,2891,Suburban,2
83,4061,2,1,1,2015,Downtown,Excellent,Yes,540339,Yes,540339,1,4061,2891,Downtown,1
84,2778,2,2,1,1947,Downtown,Fair,Yes,92192,Yes,92192,2,2778,2891,Downtown,1
85,3599,1,3,1,2009,Urban,Good,No,941307,No,941307,3,3599,2891,Urban,1
86,700,4,1,3,1913,Suburban,Fair,No,411273,No,411273,1,700,2891,Suburban,3
87,3604,5,4,3,1958,Suburban,Excellent,No,93923,No,93923,4,3604,2891,Suburban,3
88,2954,3,1,3,1996,Suburban,Excellent,No,663484,No,663484,1,2954,2891,Suburban,3
89,4145,1,1,2,1998,Urban,Good,Yes,576683,Yes,576683,1,4145,2891,Urban,2
90,1304,4,3,3,1957,Suburban,Good,No,414593,No,414593,3,1304,2891,Suburban,3
91,3231,3,3,2,2002,Downtown,Good,No,433891,No,433891,3,3231,2891,Downtown,2
92,3273,2,3,3,1957,Urban,Poor,No,802744,No,802744,3,3273,2891,Urban,3
93,2070,2,2,2,2010,Downtown,Poor,No,458995,No,458995,2,2070,2891,Downtown,2
94,3190,3,2,3,1950,Downtown,Excellent,No,645316,No,645316,2,3190,2891,Downtown,3
95,4340,1,1,3,1983,Urban,Poor,Yes,997226,Yes,997226,1,4340,2891,Urban,3
96,1528,2,3,1,1901,Rural,Poor,Yes,450327,Yes,450327,3,1528,2891,Rural,1
97,1002,5,1,3,2014,Rural,Fair,Yes,816751,Yes,816751,1,1002,2891,Rural,3
98,4993,3,4,3,1940,Downtown,Poor,Yes,715344,Yes,715344,4,4993,2891,Downtown,3
99,1370,3,4,1,1982,Rural,Fair,Yes,929608,Yes,929608,4,1370,2891,Rural,1
100,4988,2,3,2,2022,Suburban,Good,No,777688,No,777688,3,4988,2891,Suburban,2
101,706,1,3,1,2000,Urban,Fair,Yes,305315,Yes,305315,3,706,2891,Urban,1
102,1984,5,4,1,1981,Downtown,Fair,Yes,339068,Yes,339068,4,1984,2891,Downtown,1
103,1363,1,3,2,1915,Suburban,Good,No,495919,No,495919,3,1363,2891,Suburban,2
104,3290,4,2,3,1903,Rural,Good,Yes,344721,Yes,344721,2,3290,2891,Rural,3
105,1063,4,2,2,1911,Suburban,Excellent,Yes,188783,Yes,188783,2,1063,2891,Suburban,2
106,4691,2,3,3,1928,Rural,Excellent,Yes,659836,Yes,659836,3,4691,2891,Rural,3
107,2257,2,4,3,1906,Downtown,Excellent,Yes,307288,Yes,307288,4,2257,2891,Downtown,3
108,2178,2,1,2,1913,Suburban,Excellent,No,543085,No,543085,1,2178,2891,Suburban,2
109,3742,4,3,1,2018,Urban,Fair,No,545187,No,545187,3,3742,2891,Urban,1
110,1559,1,3,2,1911,Downtown,Fair,Yes,699381,Yes,699381,3,1559,2891,Downtown,2
111,2222,1,1,3,1998,Suburban,Excellent,No,285835,No,285835,1,2222,2891,Suburban,3
112,3814,2,3,2,1904,Suburban,Poor,Yes,971600,Yes,971600,3,3814,2891,Suburban,2
113,3657,5,1,2,1980,Rural,Excellent,No,902987,No,902987,1,3657,2891,Rural,2
114,3125,1,4,3,2021,Downtown,Poor,No,401992,No,401992,4,3125,2891,Downtown,3
115,3229,4,2,1,2005,Downtown,Good,No,256084,No,256084,2,3229,2891,Downtown,1
116,2097,3,4,2,1931,Downtown,Fair,No,844686,No,844686,4,2097,2891,Downtown,2
117,3560,3,2,3,1973,Downtown,Fair,No,437554,No,437554,2,3560,2891,Downtown,3
118,3193,3,1,3,1942,Rural,Poor,No,803315,No,803315,1,3193,2891,Rural,3
119,4127,5,2,2,1980,Urban,Excellent,No,520336,No,520336,2,4127,2891,Urban,2
120,1863,2,4,1,1968,Downtown,Fair,No,973469,No,973469,4,1863,2891,Downtown,1
121,2481,4,2,2,1944,Rural,Poor,No,258072,No,258072,2,2481,2891,Rural,2
122,2163,5,1,1,2005,Urban,Good,No,298029,No,298029,1,2163,2891,Urban,1
123,2029,4,2,1,1908,Urban,Good,No,259047,No,259047,2,2029,2891,Urban,1
124,2538,4,3,1,1948,Rural,Fair,Yes,415169,Yes,415169,3,2538,2891,Rural,1
125,3802,2,4,1,1932,Downtown,Excellent,No,180509,No,180509,4,3802,2891,Downtown,1
126,2737,3,3,2,1999,Urban,Poor,Yes,812072,Yes,812072,3,2737,2891,Urban,2
127,1806,2,1,3,1999,Downtown,Fair,No,345107,No,345107,1,1806,2891,Downtown,3
128,4529,5,2,3,1917,Downtown,Good,Yes,577561,Yes,577561,2,4529,2891,Downtown,3
129,3175,5,3,3,1908,Suburban,Excellent,Yes,589618,Yes,589618,3,3175,2891,Suburban,3
130,1782,5,3,3,1961,Downtown,Poor,Yes,202566,Yes,202566,3,1782,2891,Downtown,3
131,1209,2,2,3,1956,Suburban,Fair,No,650710,No,650710,2,1209,2891,Suburban,3
132,4913,4,2,3,1928,Urban,Poor,No,958521,No,958521,2,4913,2891,Urban,3
133,4248,4,4,2,2013,Rural,Excellent,No,53212,No,53212,4,4248,2891,Rural,2
134,1163,1,3,1,1977,Suburban,Excellent,No,282131,No,282131,3,1163,2891,Suburban,1
135,2498,5,3,3,1924,Rural,Good,Yes,526657,Yes,526657,3,2498,2891,Rural,3
136,3945,4,1,2,1914,Urban,Excellent,No,661882,No,661882,1,3945,2891,Urban,2
137,4243,1,4,3,1905,Downtown,Fair,No,182152,No,182152,4,4243,2891,Downtown,3
138,1995,4,1,3,2019,Urban,Poor,No,344819,No,344819,1,1995,2891,Urban,3
139,3804,5,3,1,1941,Rural,Excellent,No,72007,No,72007,3,3804,2891,Rural,1
140,4263,3,1,1,1928,Urban,Excellent,No,688093,No,688093,1,4263,2891,Urban,1
141,2353,5,3,1,1978,Downtown,Fair,No,394785,No,394785,3,2353,2891,Downtown,1
142,1791,2,3,3,1992,Urban,Poor,No,670103,No,670103,3,1791,2891,Urban,3
143,4081,4,1,3,1903,Downtown,Poor,No,883247,No,883247,1,4081,2891,Downtown,3
144,3957,4,1,3,1981,Suburban,Good,Yes,919914,Yes,919914,1,3957,2891,Suburban,3
145,2136,2,2,1,2013,Rural,Good,Yes,837071,Yes,837071,2,2136,2891,Rural,1
146,4196,2,2,2,1956,Downtown,Poor,No,375737,No,375737,2,4196,2891,Downtown,2
147,3499,3,2,3,1948,Downtown,Fair,No,562164,No,562164,2,3499,2891,Downtown,3
148,3652,4,3,3,1943,Urban,Fair,No,128038,No,128038,3,3652,2891,Urban,3
149,1198,4,1,3,2002,Suburban,Good,No,406043,No,406043,1,1198,2891,Suburban,3
150,2660,3,4,2,1979,Downtown,Excellent,Yes,840168,Yes,840168,4,2660,2891,Downtown,2
151,4597,1,3,3,1974,Suburban,Fair,Yes,827794,Yes,827794,3,4597,2891,Suburban,3
152,1354,3,4,2,1913,Suburban,Excellent,No,66473,No,66473,4,1354,2891,Suburban,2
153,3974,5,1,3,1902,Urban,Fair,Yes,703059,Yes,703059,1,3974,2891,Urban,3
154,2207,4,3,2,2014,Downtown,Poor,Yes,175801,Yes,175801,3,2207,2891,Downtown,2
155,3277,2,4,3,2013,Urban,Good,No,944030,No,944030,4,3277,2891,Urban,3
156,2233,5,4,1,1961,Rural,Excellent,No,660911,No,660911,4,2233,2891,Rural,1
157,4010,4,2,1,2005,Rural,Excellent,No,558252,No,558252,2,4010,2891,Rural,1
158,702,3,2,1,1963,Downtown,Poor,Yes,275097,Yes,275097,2,702,2891,Downtown,1
159,3755,5,2,1,2001,Suburban,Fair,Yes,348964,Yes,348964,2,3755,2891,Suburban,1
160,4718,4,3,3,1944,Downtown,Excellent,No,265933,No,265933,3,4718,2891,Downtown,3
161,4996,1,1,1,2005,Downtown,Fair,No,369733,No,369733,1,4996,2891,Downtown,1
162,1266,1,1,2,1981,Rural,Poor,Yes,771167,Yes,771167,1,1266,2891,Rural,2
163,4889,2,2,1,1957,Rural,Good,Yes,330558,Yes,330558,2,4889,2891,Rural,1
164,2827,4,2,1,1919,Suburban,Excellent,No,439522,No,439522,2,2827,2891,Suburban,1
165,3431,1,2,1,1957,Suburban,Fair,Yes,74220,Yes,74220,2,3431,2891,Suburban,1
166,697,3,4,3,2011,Downtown,Excellent,No,634819,No,634819,4,697,2891,Downtown,3
167,2430,4,2,1,1988,Urban,Fair,No,422146,No,422146,2,2430,2891,Urban,1
168,4082,3,4,2,1956,Downtown,Fair,Yes,557409,Yes,557409,4,4082,2891,Downtown,2
169,1108,3,1,1,2001,Suburban,Fair,Yes,747785,Yes,747785,1,1108,2891,Suburban,1
170,3772,1,3,1,1976,Urban,Poor,Yes,59387,Yes,59387,3,3772,2891,Urban,1
171,1647,4,3,1,1967,Rural,Good,No,295752,No,295752,3,1647,2891,Rural,1
172,4782,5,3,2,2018,Suburban,Excellent,No,651103,No,651103,3,4782,2891,Suburban,2
173,3897,1,3,1,1977,Suburban,Good,No,601872,No,601872,3,3897,2891,Suburban,1
174,3011,1,4,2,1996,Urban,Fair,No,619071,No,619071,4,3011,2891,Urban,2
175,2294,4,4,2,1991,Suburban,Fair,No,745169,No,745169,4,2294,2891,Suburban,2
176,1159,4,2,1,1951,Suburban,Good,No,759687,No,759687,2,1159,2891,Suburban,1
177,3311,3,4,2,1936,Suburban,Good,Yes,698782,Yes,698782,4,3311,2891,Suburban,2
178,1869,4,2,3,1907,Suburban,Excellent,No,690102,No,690102,2,1869,2891,Suburban,3
179,2486,3,2,1,1943,Suburban,Fair,No,300139,No,300139,2,2486,2891,Suburban,1
180,646,1,3,1,1997,Suburban,Good,No,967184,No,967184,3,646,2891,Suburban,1
181,3719,2,4,2,2007,Suburban,Poor,No,550228,No,550228,4,3719,2891,Suburban,2
182,3411,5,4,2,1904,Suburban,Fair,Yes,716217,Yes,716217,4,3411,2891,Suburban,2
183,2234,1,2,1,2017,Rural,Fair,No,747621,No,747621,2,2234,2891,Rural,1
184,2343,4,2,3,1968,Suburban,Excellent,Yes,910020,Yes,910020,2,2343,2891,Suburban,3
185,988,5,1,2,1930,Rural,Poor,Yes,984499,Yes,984499,1,988,2891,Rural,2
186,3476,2,1,2,1944,Rural,Excellent,No,296509,No,296509,1,3476,2891,Rural,2
187,2459,2,2,3,1908,Downtown,Poor,No,63580,No,63580,2,2459,2891,Downtown,3
188,2885,3,1,3,2005,Downtown,Excellent,Yes,592528,Yes,592528,1,2885,2891,Downtown,3
189,3419,5,1,1,1931,Rural,Poor,Yes,828639,Yes,828639,1,3419,2891,Rural,1
190,2302,3,2,3,1932,Rural,Poor,No,395590,No,395590,2,2302,2891,Rural,3
191,4561,1,2,1,1966,Suburban,Poor,Yes,518968,Yes,518968,2,4561,2891,Suburban,1
192,3869,5,4,3,1929,Downtown,Good,No,940965,No,940965,4,3869,2891,Downtown,3
193,762,1,2,2,2013,Urban,Fair,No,828559,No,828559,2,762,2891,Urban,2
194,1123,3,2,1,1975,Downtown,Poor,Yes,533663,Yes,533663,2,1123,2891,Downtown,1
195,1516,5,3,1,1928,Rural,Good,No,478082,No,478082,3,1516,2891,Rural,1
196,4143,3,4,1,1902,Rural,Good,No,655262,No,655262,4,4143,2891,Rural,1
197,2549,5,4,3,1989,Suburban,Excellent,No,647689,No,647689,4,2549,2891,Suburban,3
198,4223,3,4,2,1956,Suburban,Fair,Yes,263165,Yes,263165,4,4223,2891,Suburban,2
199,3608,2,3,1,1929,Downtown,Fair,Yes,455427,Yes,455427,3,3608,2891,Downtown,1
200,4590,3,2,1,1908,Suburban,Excellent,Yes,502201,Yes,502201,2,4590,2891,Suburban,1
201,2556,2,4,1,1925,Urban,Fair,No,214340,No,214340,4,2556,2891,Urban,1
202,3670,3,4,1,1901,Urban,Excellent,Yes,840078,Yes,840078,4,3670,2891,Urban,1
203,2182,5,1,2,1961,Suburban,Good,Yes,760731,Yes,760731,1,2182,2891,Suburban,2
204,2755,5,4,3,1902,Urban,Good,Yes,822411,Yes,822411,4,2755,2891,Urban,3
205,1654,5,2,2,1945,Urban,Poor,No,354960,No,354960,2,1654,2891,Urban,2
206,4999,4,2,1,1967,Downtown,Excellent,No,139460,No,139460,2,4999,2891,Downtown,1
207,3691,1,1,2,1924,Urban,Good,Yes,356256,Yes,356256,1,3691,2891,Urban,2
208,2196,5,4,1,1950,Rural,Good,Yes,101048,Yes,101048,4,2196,2891,Rural,1
209,4491,2,4,3,1912,Rural,Excellent,Yes,780806,Yes,780806,4,4491,2891,Rural,3
210,2148,5,4,3,2002,Downtown,Good,No,182850,No,182850,4,2148,2891,Downtown,3
211,1945,4,3,3,1943,Suburban,Fair,Yes,882184,Yes,882184,3,1945,2891,Suburban,3
212,4699,2,4,1,1934,Downtown,Good,No,528193,No,528193,4,4699,2891,Downtown,1
213,4423,4,2,2,1954,Suburban,Excellent,No,907158,No,907158,2,4423,2891,Suburban,2
214,753,2,2,3,1986,Suburban,Fair,No,786200,No,786200,2,753,2891,Suburban,3
215,3683,3,3,1,1908,Suburban,Fair,Yes,994793,Yes,994793,3,3683,2891,Suburban,1
216,3057,1,3,1,1901,Suburban,Good,Yes,356932,Yes,356932,3,3057,2891,Suburban,1
217,598,1,4,2,1960,Suburban,Poor,No,316891,No,316891,4,598,2891,Suburban,2
218,2700,4,1,3,2017,Downtown,Fair,No,574333,No,574333,1,2700,2891,Downtown,3
219,3461,1,3,1,1940,Suburban,Excellent,No,582046,No,582046,3,3461,2891,Suburban,1
220,4933,4,3,2,1943,Urban,Poor,No,829685,No,829685,3,4933,2891,Urban,2
221,4277,4,4,3,1963,Urban,Poor,Yes,961508,Yes,961508,4,4277,2891,Urban,3
222,3369,4,4,2,1930,Suburban,Fair,Yes,728797,Yes,728797,4,3369,2891,Suburban,2
223,3734,1,3,2,2007,Urban,Good,No,724945,No,724945,3,3734,2891,Urban,2
224,4291,4,1,1,1946,Rural,Poor,No,190926,No,190926,1,4291,2891,Rural,1
225,1456,1,3,1,1901,Downtown,Good,No,233148,No,233148,3,1456,2891,Downtown,1
226,4567,4,4,1,1995,Downtown,Fair,Yes,893382,Yes,893382,4,4567,2891,Downtown,1
227,660,5,4,2,1981,Suburban,Excellent,No,722709,No,722709,4,660,2891,Suburban,2
228,4993,4,3,1,1976,Suburban,Poor,Yes,801588,Yes,801588,3,4993,2891,Suburban,1
229,1800,2,1,2,2009,Rural,Excellent,No,726708,No,726708,1,1800,2891,Rural,2
230,4487,4,3,2,1968,Suburban,Good,Yes,215368,Yes,215368,3,4487,2891,Suburban,2
231,2027,3,3,1,1957,Urban,Good,Yes,544496,Yes,544496,3,2027,2891,Urban,1
232,1718,4,4,3,2005,Rural,Excellent,No,69455,No,69455,4,1718,2891,Rural,3
233,4996,2,1,3,1943,Urban,Fair,Yes,784184,Yes,784184,1,4996,2891,Urban,3
234,3604,2,2,3,1973,Downtown,Fair,Yes,515139,Yes,515139,2,3604,2891,Downtown,3
235,3235,1,1,2,1955,Urban,Poor,Yes,281897,Yes,281897,1,3235,2891,Urban,2
236,1454,5,3,2,1942,Downtown,Poor,Yes,482509,Yes,482509,3,1454,2891,Downtown,2
237,3946,4,3,2,1988,Urban,Fair,No,542646,No,542646,3,3946,2891,Urban,2
238,1545,1,3,1,1933,Downtown,Fair,No,662840,No,662840,3,1545,2891,Downtown,1
239,2193,5,1,2,2000,Suburban,Excellent,No,882548,No,882548,1,2193,2891,Suburban,2
240,3936,4,4,1,1929,Urban,Good,No,432605,No,432605,4,3936,2891,Urban,1
241,1062,3,3,1,1970,Downtown,Good,No,614772,No,614772,3,1062,2891,Downtown,1
242,2985,4,3,3,1969,Urban,Poor,Yes,997719,Yes,997719,3,2985,2891,Urban,3
243,3854,2,1,3,2017,Rural,Fair,Yes,393782,Yes,393782,1,3854,2891,Rural,3
244,725,2,2,3,1954,Suburban,Excellent,Yes,708764,Yes,708764,2,725,2891,Suburban,3
245,1459,3,2,1,1966,Downtown,Poor,Yes,218332,Yes,218332,2,1459,2891,Downtown,1
246,3567,1,4,1,1912,Rural,Excellent,No,150647,No,150647,4,3567,2891,Rural,1
247,1315,5,4,1,1902,Urban,Fair,No,639930,No,639930,4,1315,2891,Urban,1
248,3620,4,3,2,1925,Rural,Fair,Yes,786091,Yes,786091,3,3620,2891,Rural,2
249,516,2,1,1,1956,Urban,Fair,No,882441,No,882441,1,516,2891,Urban,1
250,1743,1,3,3,1923,Suburban,Good,Yes,178824,Yes,178824,3,1743,2891,Suburban,3
251,2705,3,4,3,1952,Rural,Fair,Yes,823202,Yes,823202,4,2705,2891,Rural,3
252,3024,2,1,1,1969,Suburban,Poor,No,866037,No,866037,1,3024,2891,Suburban,1
253,1569,3,1,1,1942,Downtown,Good,No,685167,No,685167,1,1569,2891,Downtown,1
254,3944,4,4,3,1959,Urban,Excellent,No,695115,No,695115,4,3944,2891,Urban,3
255,3065,5,2,1,1957,Urban,Poor,No,317724,No,317724,2,3065,2891,Urban,1
256,1560,2,2,3,1948,Suburban,Poor,No,951334,No,951334,2,1560,2891,Suburban,3
257,2827,2,1,2,1941,Suburban,Excellent,No,317544,No,317544,1,2827,2891,Suburban,2
258,3920,4,3,3,1975,Downtown,Good,No,745003,No,745003,3,3920,2891,Downtown,3
259,801,1,2,2,2012,Rural,Poor,Yes,801545,Yes,801545,2,801,2891,Rural,2
260,4776,5,3,1,1999,Urban,Poor,No,932464,No,932464,3,4776,2891,Urban,1
261,1106,2,2,1,1965,Urban,Poor,Yes,177319,Yes,177319,2,1106,2891,Urban,1
262,3670,5,2,2,1910,Downtown,Good,Yes,562193,Yes,562193,2,3670,2891,Downtown,2
263,1199,2,3,1,2002,Downtown,Good,No,529389,No,529389,3,1199,2891,Downtown,1
264,1639,5,4,2,1997,Suburban,Good,Yes,156960,Yes,156960,4,1639,2891,Suburban,2
265,690,3,2,1,1989,Suburban,Poor,No,89015,No,89015,2,690,2891,Suburban,1
266,2800,2,2,3,1917,Rural,Fair,Yes,383857,Yes,383857,2,2800,2891,Rural,3
267,1480,5,3,1,1984,Downtown,Excellent,Yes,778165,Yes,778165,3,1480,2891,Downtown,1
268,3475,1,4,3,1999,Rural,Fair,Yes,982478,Yes,982478,4,3475,2891,Rural,3
269,1684,3,2,3,2003,Downtown,Good,No,195109,No,195109,2,1684,2891,Downtown,3
270,3827,3,2,2,1951,Urban,Poor,Yes,527508,Yes,527508,2,3827,2891,Urban,2
271,3894,1,4,1,1945,Downtown,Poor,Yes,836351,Yes,836351,4,3894,2891,Downtown,1
272,627,5,2,2,1943,Downtown,Fair,Yes,983671,Yes,983671,2,627,2891,Downtown,2
273,2565,4,4,1,1921,Urban,Fair,No,138754,No,138754,4,2565,2891,Urban,1
274,2316,1,4,3,1952,Downtown,Excellent,Yes,271775,Yes,271775,4,2316,2891,Downtown,3
275,1069,5,3,3,1958,Rural,Poor,No,355292,No,355292,3,1069,2891,Rural,3
276,2395,1,1,1,1993,Suburban,Fair,Yes,777513,Yes,777513,1,2395,2891,Suburban,1
277,3233,1,4,1,2013,Suburban,Excellent,Yes,726894,Yes,726894,4,3233,2891,Suburban,1
278,4363,2,3,2,2006,Rural,Good,Yes,796355,Yes,796355,3,4363,2891,Rural,2
279,4514,5,1,1,2023,Urban,Fair,No,959222,No,959222,1,4514,2891,Urban,1
280,3401,4,2,1,1929,Downtown,Good,Yes,922510,Yes,922510,2,3401,2891,Downtown,1
281,2186,2,1,1,1907,Rural,Excellent,Yes,106879,Yes,106879,1,2186,2891,Rural,1
282,3509,1,4,2,1997,Suburban,Good,Yes,169894,Yes,169894,4,3509,2891,Suburban,2
283,654,1,4,1,1956,Suburban,Poor,Yes,640127,Yes,640127,4,654,2891,Suburban,1
284,3037,1,4,3,2010,Rural,Poor,No,79756,No,79756,4,3037,2891,Rural,3
285,1909,5,4,2,1972,Suburban,Good,Yes,718043,Yes,718043,4,1909,2891,Suburban,2
286,4557,5,4,2,2014,Rural,Poor,Yes,230557,Yes,230557,4,4557,2891,Rural,2
287,1284,2,3,3,1919,Suburban,Excellent,Yes,279303,Yes,279303,3,1284,2891,Suburban,3
288,3675,4,4,3,2003,Rural,Poor,Yes,454241,Yes,454241,4,3675,2891,Rural,3
289,4841,2,3,3,1924,Downtown,Good,No,724075,No,724075,3,4841,2891,Downtown,3
290,3306,3,2,1,1918,Downtown,Good,Yes,541599,Yes,541599,2,3306,2891,Downtown,1
291,1037,1,4,3,1904,Downtown,Good,Yes,545283,Yes,545283,4,1037,2891,Downtown,3
292,2341,1,4,1,1974,Downtown,Fair,No,667231,No,667231,4,2341,2891,Downtown,1
293,2955,1,1,2,1978,Suburban,Good,Yes,792476,Yes,792476,1,2955,2891,Suburban,2
294,1024,2,2,2,1971,Urban,Excellent,Yes,198188,Yes,198188,2,1024,2891,Urban,2
295,3450,2,4,3,1982,Rural,Poor,Yes,611032,Yes,611032,4,3450,2891,Rural,3
296,4631,1,4,1,1986,Urban,Poor,No,174697,No,174697,4,4631,2891,Urban,1
297,4615,2,2,3,1926,Suburban,Fair,Yes,530795,Yes,530795,2,4615,2891,Suburban,3
298,2868,5,3,3,1939,Suburban,Fair,No,690360,No,690360,3,2868,2891,Suburban,3
299,4347,5,4,1,1995,Urban,Excellent,No,445340,No,445340,4,4347,2891,Urban,1
300,4995,2,1,3,1925,Urban,Good,No,286028,No,286028,1,4995,2891,Urban,3
301,3201,1,4,2,1926,Suburban,Fair,No,743411,No,743411,4,3201,2891,Suburban,2
302,1471,2,1,3,1961,Suburban,Poor,No,57176,No,57176,1,1471,2891,Suburban,3
303,1666,2,1,1,1982,Rural,Fair,No,927742,No,927742,1,1666,2891,Rural,1
304,3274,2,4,1,1949,Downtown,Fair,No,826653,No,826653,4,3274,2891,Downtown,1
305,2482,3,4,2,1941,Downtown,Good,Yes,508034,Yes,508034,4,2482,2891,Downtown,2
306,1353,5,1,1,1928,Rural,Fair,Yes,563611,Yes,563611,1,1353,2891,Rural,1
307,4646,4,2,1,1938,Urban,Excellent,No,199748,No,199748,2,4646,2891,Urban,1
308,4236,4,2,2,1959,Suburban,Poor,No,95177,No,95177,2,4236,2891,Suburban,2
309,4269,3,4,3,1940,Urban,Good,No,533512,No,533512,4,4269,2891,Urban,3
310,1074,2,3,2,1932,Downtown,Poor,No,160623,No,160623,3,1074,2891,Downtown,2
311,3761,3,2,3,1982,Downtown,Excellent,No,575285,No,575285,2,3761,2891,Downtown,3
312,1648,3,4,2,2000,Urban,Excellent,No,502546,No,502546,4,1648,2891,Urban,2
313,2215,1,2,3,1982,Downtown,Fair,Yes,546184,Yes,546184,2,2215,2891,Downtown,3
314,4354,5,3,2,1996,Suburban,Fair,Yes,694467,Yes,694467,3,4354,2891,Suburban,2
315,2991,4,4,3,2010,Rural,Fair,No,297439,No,297439,4,2991,2891,Rural,3
316,3160,2,3,2,1915,Urban,Poor,No,694691,No,694691,3,3160,2891,Urban,2
317,3624,4,4,3,1922,Suburban,Excellent,No,978735,No,978735,4,3624,2891,Suburban,3
318,3551,4,3,2,1906,Suburban,Good,Yes,145287,Yes,145287,3,3551,2891,Suburban,2
319,504,5,2,1,1925,Downtown,Fair,No,169574,No,169574,2,504,2891,Downtown,1
320,1376,4,2,3,1995,Suburban,Poor,Yes,830751,Yes,830751,2,1376,2891,Suburban,3
321,1491,4,3,2,1911,Urban,Fair,Yes,171509,Yes,171509,3,1491,2891,Urban,2
322,4642,3,3,3,1971,Suburban,Excellent,Yes,397591,Yes,397591,3,4642,2891,Suburban,3
323,4864,5,3,3,1904,Rural,Good,No,945954,No,945954,3,4864,2891,Rural,3
324,4965,1,4,2,2005,Suburban,Excellent,No,499181,No,499181,4,4965,2891,Suburban,2
325,1135,2,2,3,1991,Suburban,Poor,Yes,393288,Yes,393288,2,1135,2891,Suburban,3
326,2193,4,4,2,2016,Rural,Fair,Yes,822793,Yes,822793,4,2193,2891,Rural,2
327,2182,2,2,1,1968,Suburban,Excellent,Yes,242589,Yes,242589,2,2182,2891,Suburban,1
328,619,1,1,3,1948,Suburban,Poor,Yes,929125,Yes,929125,1,619,2891,Suburban,3
329,1330,2,4,1,1925,Downtown,Fair,No,406459,No,406459,4,1330,2891,Downtown,1
330,4175,1,2,3,1904,Urban,Good,Yes,538720,Yes,538720,2,4175,2891,Urban,3
331,1869,3,2,3,1921,Downtown,Excellent,No,863819,No,863819,2,1869,2891,Downtown,3
332,1240,4,4,3,1978,Urban,Fair,Yes,54090,Yes,54090,4,1240,2891,Urban,3
333,616,1,4,2,1912,Rural,Fair,No,957278,No,957278,4,616,2891,Rural,2
334,3338,2,2,1,1927,Rural,Fair,Yes,468161,Yes,468161,2,3338,2891,Rural,1
335,1650,4,4,3,1932,Rural,Fair,No,876671,No,876671,4,1650,2891,Rural,3
336,2431,3,3,2,2006,Urban,Excellent,No,53743,No,53743,3,2431,2891,Urban,2
337,1512,4,4,3,1922,Urban,Fair,No,80924,No,80924,4,1512,2891,Urban,3
338,2164,1,4,2,1996,Urban,Poor,Yes,191268,Yes,191268,4,2164,2891,Urban,2
339,1581,3,4,3,2006,Rural,Excellent,No,966592,No,966592,4,1581,2891,Rural,3
340,1012,2,2,1,1917,Urban,Fair,Yes,928247,Yes,928247,2,1012,2891,Urban,1
341,3349,3,3,1,2013,Suburban,Excellent,No,679600,No,679600,3,3349,2891,Suburban,1
342,1059,3,1,3,2016,Downtown,Poor,No,381004,No,381004,1,1059,2891,Downtown,3
343,4172,5,1,2,1929,Rural,Poor,Yes,790537,Yes,790537,1,4172,2891,Rural,2
344,3843,3,3,3,1925,Downtown,Excellent,No,798378,No,798378,3,3843,2891,Downtown,3
345,4570,3,3,2,1915,Suburban,Fair,No,279602,No,279602,3,4570,2891,Suburban,2
346,1970,4,3,3,1976,Urban,Fair,Yes,392543,Yes,392543,3,1970,2891,Urban,3
347,1080,2,2,2,1938,Downtown,Poor,No,885227,No,885227,2,1080,2891,Downtown,2
348,2794,4,1,1,1932,Suburban,Fair,No,887985,No,887985,1,2794,2891,Suburban,1
349,3647,4,3,3,1925,Suburban,Poor,No,558928,No,558928,3,3647,2891,Suburban,3
350,4749,1,2,1,1947,Downtown,Fair,No,153976,No,153976,2,4749,2891,Downtown,1
351,2179,4,1,1,1964,Rural,Poor,Yes,205183,Yes,205183,1,2179,2891,Rural,1
352,4006,5,4,3,2012,Downtown,Good,No,687854,No,687854,4,4006,2891,Downtown,3
353,3244,5,2,3,1937,Rural,Fair,No,307443,No,307443,2,3244,2891,Rural,3
354,3856,1,1,2,1901,Urban,Fair,No,694256,No,694256,1,3856,2891,Urban,2
355,4545,2,2,2,2012,Rural,Fair,No,111600,No,111600,2,4545,2891,Rural,2
356,1743,2,1,1,1905,Urban,Excellent,No,624310,No,624310,1,1743,2891,Urban,1
357,3618,4,1,2,1945,Downtown,Fair,No,708559,No,708559,1,3618,2891,Downtown,2
358,2641,4,4,2,1949,Urban,Excellent,No,887329,No,887329,4,2641,2891,Urban,2
359,3559,4,2,3,1937,Suburban,Excellent,No,874470,No,874470,2,3559,2891,Suburban,3
360,3459,2,3,2,2005,Urban,Poor,Yes,173323,Yes,173323,3,3459,2891,Urban,2
361,2765,3,4,1,1987,Rural,Excellent,Yes,236110,Yes,236110,4,2765,2891,Rural,1
362,2979,5,4,2,1917,Rural,Excellent,Yes,694566,Yes,694566,4,2979,2891,Rural,2
363,2135,3,1,1,1926,Rural,Good,Yes,947486,Yes,947486,1,2135,2891,Rural,1
364,2257,3,3,3,1940,Urban,Fair,No,320041,No,320041,3,2257,2891,Urban,3
365,4952,2,2,1,1971,Rural,Excellent,No,638829,No,638829,2,4952,2891,Rural,1
366,2570,3,3,2,1991,Rural,Fair,Yes,156968,Yes,156968,3,2570,2891,Rural,2
367,3349,1,3,3,1973,Suburban,Excellent,Yes,589180,Yes,589180,3,3349,2891,Suburban,3
368,3751,4,3,2,1916,Urban,Poor,Yes,975775,Yes,975775,3,3751,2891,Urban,2
369,4230,1,3,3,2018,Suburban,Good,No,74815,No,74815,3,4230,2891,Suburban,3
370,2989,5,3,3,1961,Rural,Excellent,No,882044,No,882044,3,2989,2891,Rural,3
371,2131,4,1,2,1928,Rural,Fair,Yes,476573,Yes,476573,1,2131,2891,Rural,2
372,3316,3,1,2,1957,Rural,Poor,Yes,518304,Yes,518304,1,3316,2891,Rural,2
373,1515,5,4,3,1969,Urban,Fair,Yes,852699,Yes,852699,4,1515,2891,Urban,3
374,1848,4,1,3,1977,Downtown,Poor,Yes,854700,Yes,854700,1,1848,2891,Downtown,3
375,3587,3,4,2,1921,Rural,Good,Yes,688751,Yes,688751,4,3587,2891,Rural,2
376,3339,1,4,1,2017,Rural,Poor,No,981767,No,981767,4,3339,2891,Rural,1
377,835,4,2,2,1905,Rural,Fair,Yes,514151,Yes,514151,2,835,2891,Rural,2
378,1395,3,3,3,1925,Rural,Fair,No,931779,No,931779,3,1395,2891,Rural,3
379,4046,1,1,2,1938,Urban,Excellent,Yes,240732,Yes,240732,1,4046,2891,Urban,2
380,1351,5,2,1,1911,Downtown,Poor,Yes,246599,Yes,246599,2,1351,2891,Downtown,1
381,2187,5,1,2,1998,Downtown,Fair,No,244451,No,244451,1,2187,2891,Downtown,2
382,2431,5,4,3,1913,Downtown,Excellent,Yes,406686,Yes,406686,4,2431,2891,Downtown,3
383,4246,5,1,2,1921,Rural,Good,No,746631,No,746631,1,4246,2891,Rural,2
384,2927,2,3,3,1950,Rural,Fair,No,378756,No,378756,3,2927,2891,Rural,3
385,2068,4,4,3,1922,Downtown,Excellent,Yes,188307,Yes,188307,4,2068,2891,Downtown,3
386,4500,4,4,2,1947,Downtown,Fair,Yes,138757,Yes,138757,4,4500,2891,Downtown,2
387,3238,2,2,3,1970,Rural,Poor,No,459633,No,459633,2,3238,2891,Rural,3
388,3998,3,3,3,2003,Rural,Excellent,No,934507,No,934507,3,3998,2891,Rural,3
389,4413,3,4,1,1949,Suburban,Poor,Yes,346753,Yes,346753,4,4413,2891,Suburban,1
390,1566,5,3,1,1988,Suburban,Good,No,939217,No,939217,3,1566,2891,Suburban,1
391,4880,1,1,1,1912,Suburban,Poor,Yes,304200,Yes,304200,1,4880,2891,Suburban,1
392,2944,3,3,1,1984,Downtown,Excellent,No,597933,No,597933,3,2944,2891,Downtown,1
393,4607,1,4,3,2004,Urban,Fair,Yes,506089,Yes,506089,4,4607,2891,Urban,3
394,3873,4,2,2,1909,Rural,Excellent,No,769918,No,769918,2,3873,2891,Rural,2
395,4469,1,4,3,2016,Suburban,Poor,No,374377,No,374377,4,4469,2891,Suburban,3
396,3046,4,3,3,1954,Urban,Poor,Yes,423587,Yes,423587,3,3046,2891,Urban,3
397,1253,2,3,3,2022,Rural,Fair,No,204473,No,204473,3,1253,2891,Rural,3
398,2582,2,4,2,1908,Urban,Good,No,844203,No,844203,4,2582,2891,Urban,2
399,3274,5,3,1,1978,Downtown,Excellent,No,517667,No,517667,3,3274,2891,Downtown,1
400,3396,3,1,3,1951,Downtown,Fair,No,522650,No,522650,1,3396,2891,Downtown,3
401,4685,5,4,3,1901,Downtown,Fair,No,510665,No,510665,4,4685,2891,Downtown,3
402,1275,4,2,1,1924,Suburban,Fair,No,414745,No,414745,2,1275,2891,Suburban,1
403,2125,5,4,3,1912,Rural,Excellent,No,535820,No,535820,4,2125,2891,Rural,3
404,3569,1,1,2,1997,Downtown,Excellent,Yes,445158,Yes,445158,1,3569,2891,Downtown,2
405,917,4,1,3,1950,Suburban,Excellent,No,725748,No,725748,1,917,2891,Suburban,3
406,614,2,1,3,1957,Suburban,Good,No,961656,No,961656,1,614,2891,Suburban,3
407,1116,3,1,1,1933,Suburban,Fair,Yes,657539,Yes,657539,1,1116,2891,Suburban,1
408,4474,4,1,3,1934,Suburban,Poor,No,631330,No,631330,1,4474,2891,Suburban,3
409,3767,4,2,3,2001,Downtown,Poor,No,890172,No,890172,2,3767,2891,Downtown,3
410,1325,1,3,2,1902,Suburban,Fair,Yes,246945,Yes,246945,3,1325,2891,Suburban,2
411,2016,3,1,1,2005,Downtown,Poor,No,621312,No,621312,1,2016,2891,Downtown,1
412,3646,2,1,1,2019,Downtown,Good,No,728810,No,728810,1,3646,2891,Downtown,1
413,912,4,4,2,1958,Suburban,Good,Yes,631253,Yes,631253,4,912,2891,Suburban,2
414,1228,4,2,3,1969,Downtown,Excellent,Yes,322201,Yes,322201,2,1228,2891,Downtown,3
415,3848,1,2,1,2018,Rural,Excellent,No,798609,No,798609,2,3848,2891,Rural,1
416,3308,5,3,1,1947,Rural,Excellent,No,845415,No,845415,3,3308,2891,Rural,1
417,1175,2,2,3,1963,Urban,Excellent,Yes,442613,Yes,442613,2,1175,2891,Urban,3
418,3965,3,4,3,2012,Rural,Excellent,No,594283,No,594283,4,3965,2891,Rural,3
419,3004,4,4,1,1918,Downtown,Poor,Yes,164587,Yes,164587,4,3004,2891,Downtown,1
420,3467,4,3,3,1966,Downtown,Poor,Yes,283076,Yes,283076,3,3467,2891,Downtown,3
421,3286,2,4,1,1981,Rural,Excellent,Yes,796988,Yes,796988,4,3286,2891,Rural,1
422,1622,5,1,3,2002,Suburban,Good,No,520897,No,520897,1,1622,2891,Suburban,3
423,4579,4,1,3,1972,Suburban,Poor,Yes,88886,Yes,88886,1,4579,2891,Suburban,3
424,2071,2,4,2,2015,Downtown,Good,Yes,401169,Yes,401169,4,2071,2891,Downtown,2
425,2643,1,3,3,1975,Suburban,Good,Yes,539788,Yes,539788,3,2643,2891,Suburban,3
426,2187,5,2,2,1904,Urban,Fair,No,145149,No,145149,2,2187,2891,Urban,2
427,4632,3,3,3,1966,Urban,Fair,No,668308,No,668308,3,4632,2891,Urban,3
428,4351,4,2,1,1910,Rural,Excellent,No,576961,No,576961,2,4351,2891,Rural,1
429,3940,2,4,1,2020,Rural,Good,Yes,913945,Yes,913945,4,3940,2891,Rural,1
430,4266,1,4,3,1993,Suburban,Poor,No,73466,No,73466,4,4266,2891,Suburban,3
431,2826,3,1,3,1967,Downtown,Fair,No,287626,No,287626,1,2826,2891,Downtown,3
432,3414,2,2,1,1968,Rural,Fair,Yes,928977,Yes,928977,2,3414,2891,Rural,1
433,4452,2,3,3,1900,Urban,Good,Yes,559966,Yes,559966,3,4452,2891,Urban,3
434,1095,3,4,2,1990,Rural,Fair,No,624694,No,624694,4,1095,2891,Rural,2
435,1228,1,3,2,1991,Rural,Fair,No,446904,No,446904,3,1228,2891,Rural,2
436,1865,1,1,2,1962,Urban,Poor,Yes,643572,Yes,643572,1,1865,2891,Urban,2
437,4992,5,2,2,1928,Downtown,Good,No,810006,No,810006,2,4992,2891,Downtown,2
438,1198,4,2,2,1981,Rural,Fair,Yes,951011,Yes,951011,2,1198,2891,Rural,2
439,895,3,4,3,1911,Rural,Good,Yes,587953,Yes,587953,4,895,2891,Rural,3
440,4671,3,2,3,1976,Rural,Fair,No,594929,No,594929,2,4671,2891,Rural,3
441,4860,3,4,2,1940,Suburban,Poor,No,475716,No,475716,4,4860,2891,Suburban,2
442,3002,1,1,3,1901,Rural,Good,No,610085,No,610085,1,3002,2891,Rural,3
443,2319,4,2,3,1936,Urban,Fair,No,790126,No,790126,2,2319,2891,Urban,3
444,1217,5,4,2,1944,Downtown,Poor,Yes,358094,Yes,358094,4,1217,2891,Downtown,2
445,3282,2,3,3,1979,Downtown,Fair,No,992550,No,992550,3,3282,2891,Downtown,3
446,4077,2,4,3,1947,Urban,Good,No,965986,No,965986,4,4077,2891,Urban,3
447,643,3,2,3,1923,Suburban,Fair,No,676627,No,676627,2,643,2891,Suburban,3
448,3640,4,1,2,1998,Urban,Good,Yes,687719,Yes,687719,1,3640,2891,Urban,2
449,4991,1,2,3,1921,Downtown,Good,No,282275,No,282275,2,4991,2891,Downtown,3
450,3438,4,2,1,1999,Urban,Fair,No,452854,No,452854,2,3438,2891,Urban,1
451,4136,4,4,1,1910,Suburban,Poor,Yes,857605,Yes,857605,4,4136,2891,Suburban,1
452,3722,1,3,2,2018,Downtown,Excellent,Yes,718582,Yes,718582,3,3722,2891,Downtown,2
453,1667,3,2,1,1957,Suburban,Poor,Yes,231136,Yes,231136,2,1667,2891,Suburban,1
454,3116,4,3,2,1945,Urban,Poor,Yes,218082,Yes,218082,3,3116,2891,Urban,2
455,1562,2,4,1,1928,Rural,Fair,Yes,303301,Yes,303301,4,1562,2891,Rural,1
456,2656,1,3,1,1934,Urban,Poor,No,592383,No,592383,3,2656,2891,Urban,1
457,3482,5,4,1,2011,Suburban,Poor,Yes,173554,Yes,173554,4,3482,2891,Suburban,1
458,3794,3,1,2,2017,Urban,Excellent,Yes,444655,Yes,444655,1,3794,2891,Urban,2
459,1656,1,3,2,1914,Rural,Poor,Yes,962046,Yes,962046,3,1656,2891,Rural,2
460,1232,5,3,3,1959,Suburban,Excellent,Yes,809277,Yes,809277,3,1232,2891,Suburban,3
461,4830,5,1,2,1994,Urban,Fair,Yes,528766,Yes,528766,1,4830,2891,Urban,2
462,1453,4,3,1,1941,Suburban,Excellent,Yes,972879,Yes,972879,3,1453,2891,Suburban,1
463,3039,4,1,1,2004,Suburban,Good,Yes,663311,Yes,663311,1,3039,2891,Suburban,1
464,3824,4,2,2,1942,Downtown,Good,Yes,681469,Yes,681469,2,3824,2891,Downtown,2
465,3801,1,4,2,1979,Downtown,Excellent,No,272310,No,272310,4,3801,2891,Downtown,2
466,2042,1,1,2,1973,Suburban,Good,No,857032,No,857032,1,2042,2891,Suburban,2
467,1691,3,3,3,1948,Urban,Fair,No,838898,No,838898,3,1691,2891,Urban,3
468,3493,4,1,1,1963,Urban,Good,Yes,830637,Yes,830637,1,3493,2891,Urban,1
469,3181,5,3,3,1931,Urban,Excellent,Yes,549344,Yes,549344,3,3181,2891,Urban,3
470,1717,2,2,3,1963,Rural,Fair,Yes,750457,Yes,750457,2,1717,2891,Rural,3
471,2040,3,1,1,2014,Suburban,Good,No,946366,No,946366,1,2040,2891,Suburban,1
472,3736,1,2,1,1901,Suburban,Fair,Yes,627564,Yes,627564,2,3736,2891,Suburban,1
473,2886,3,4,2,1923,Rural,Excellent,Yes,493333,Yes,493333,4,2886,2891,Rural,2
474,4219,3,3,2,1986,Suburban,Good,Yes,490187,Yes,490187,3,4219,2891,Suburban,2
475,1888,3,3,3,1965,Suburban,Fair,No,319072,No,319072,3,1888,2891,Suburban,3
476,2356,3,2,2,1937,Rural,Fair,No,891741,No,891741,2,2356,2891,Rural,2
477,1865,2,4,2,1930,Downtown,Good,Yes,255719,Yes,255719,4,1865,2891,Downtown,2
478,999,4,1,1,2014,Suburban,Fair,No,746248,No,746248,1,999,2891,Suburban,1
479,2180,5,1,1,2003,Rural,Fair,Yes,800385,Yes,800385,1,2180,2891,Rural,1
480,1010,3,3,2,1925,Urban,Excellent,Yes,749192,Yes,749192,3,1010,2891,Urban,2
481,4812,3,2,1,1928,Downtown,Excellent,No,166196,No,166196,2,4812,2891,Downtown,1
482,1824,3,2,2,1966,Urban,Excellent,No,59404,No,59404,2,1824,2891,Urban,2
483,1655,4,1,1,2021,Suburban,Excellent,No,476855,No,476855,1,1655,2891,Suburban,1
484,2327,1,4,1,1977,Downtown,Excellent,No,783478,No,783478,4,2327,2891,Downtown,1
485,3641,1,4,1,1924,Rural,Excellent,Yes,503814,Yes,503814,4,3641,2891,Rural,1
486,3986,2,1,1,1947,Suburban,Good,Yes,687475,Yes,687475,1,3986,2891,Suburban,1
487,2310,1,1,2,1964,Rural,Excellent,No,946881,No,946881,1,2310,2891,Rural,2
488,3423,3,2,3,1952,Downtown,Fair,No,601972,No,601972,2,3423,2891,Downtown,3
489,2714,3,4,1,1966,Urban,Good,Yes,642879,Yes,642879,4,2714,2891,Urban,1
490,4686,3,1,2,2017,Suburban,Fair,Yes,431965,Yes,431965,1,4686,2891,Suburban,2
491,1213,2,1,2,1989,Suburban,Excellent,Yes,783082,Yes,783082,1,1213,2891,Suburban,2
492,4102,3,3,1,1917,Rural,Excellent,Yes,314826,Yes,314826,3,4102,2891,Rural,1
493,4634,1,1,3,1908,Downtown,Fair,No,161186,No,161186,1,4634,2891,Downtown,3
494,4022,4,1,1,1937,Rural,Fair,No,817469,No,817469,1,4022,2891,Rural,1
495,4768,4,4,2,1986,Downtown,Fair,No,596120,No,596120,4,4768,2891,Downtown,2
496,1743,5,2,3,1920,Suburban,Poor,Yes,591285,Yes,591285,2,1743,2891,Suburban,3
497,4209,1,4,2,2020,Downtown,Poor,Yes,346784,Yes,346784,4,4209,2891,Downtown,2
498,1581,3,2,1,1964,Suburban,Poor,No,520098,No,520098,2,1581,2891,Suburban,1
499,955,4,3,3,1920,Downtown,Poor,No,90491,No,90491,3,955,2891,Downtown,3
500,1394,1,1,2,1926,Urban,Good,No,113043,No,113043,1,1394,2891,Urban,2
501,1884,4,3,2,2005,Downtown,Excellent,Yes,948607,Yes,948607,3,1884,2891,Downtown,2
502,2458,3,2,2,2022,Urban,Fair,No,178568,No,178568,2,2458,2891,Urban,2
503,3572,4,4,1,1969,Downtown,Excellent,Yes,426394,Yes,426394,4,3572,2891,Downtown,1
504,2496,5,4,3,2018,Downtown,Fair,No,647013,No,647013,4,2496,2891,Downtown,3
505,4785,5,3,1,1943,Rural,Excellent,No,178131,No,178131,3,4785,2891,Rural,1
506,1004,4,2,1,1999,Rural,Good,No,95520,No,95520,2,1004,2891,Rural,1
507,1714,1,3,1,1927,Suburban,Poor,Yes,375063,Yes,375063,3,1714,2891,Suburban,1
508,2031,1,3,3,1944,Rural,Excellent,Yes,684157,Yes,684157,3,2031,2891,Rural,3
509,3940,1,1,1,1916,Downtown,Fair,Yes,638730,Yes,638730,1,3940,2891,Downtown,1
510,1323,4,3,1,2022,Rural,Excellent,Yes,835313,Yes,835313,3,1323,2891,Rural,1
511,1428,1,1,1,1939,Downtown,Good,Yes,202842,Yes,202842,1,1428,2891,Downtown,1
512,633,3,1,1,2021,Urban,Good,Yes,417390,Yes,417390,1,633,2891,Urban,1
513,2605,5,4,2,2015,Downtown,Excellent,No,752858,No,752858,4,2605,2891,Downtown,2
514,4127,3,1,1,1902,Suburban,Poor,Yes,421831,Yes,421831,1,4127,2891,Suburban,1
515,2352,1,1,2,1975,Urban,Fair,No,572485,No,572485,1,2352,2891,Urban,2
516,4675,3,4,1,2002,Suburban,Good,Yes,697735,Yes,697735,4,4675,2891,Suburban,1
517,3433,1,3,3,1975,Suburban,Good,No,635765,No,635765,3,3433,2891,Suburban,3
518,3784,4,2,2,1965,Suburban,Excellent,No,574532,No,574532,2,3784,2891,Suburban,2
519,4798,3,2,2,2019,Rural,Good,Yes,915885,Yes,915885,2,4798,2891,Rural,2
520,3311,4,2,2,1945,Suburban,Good,No,500953,No,500953,2,3311,2891,Suburban,2
521,1750,4,3,2,1985,Urban,Fair,Yes,227561,Yes,227561,3,1750,2891,Urban,2
522,4012,2,1,3,1986,Downtown,Poor,Yes,964394,Yes,964394,1,4012,2891,Downtown,3
523,1756,1,2,1,1929,Suburban,Fair,Yes,907735,Yes,907735,2,1756,2891,Suburban,1
524,3876,5,3,2,1968,Urban,Poor,Yes,340534,Yes,340534,3,3876,2891,Urban,2
525,3986,1,1,3,1908,Suburban,Fair,No,584535,No,584535,1,3986,2891,Suburban,3
526,4084,5,4,2,1984,Downtown,Excellent,Yes,250123,Yes,250123,4,4084,2891,Downtown,2
527,1896,1,2,1,1910,Urban,Good,No,765079,No,765079,2,1896,2891,Urban,1
528,4137,4,1,2,1968,Urban,Poor,No,477894,No,477894,1,4137,2891,Urban,2
529,3830,3,2,3,1998,Downtown,Excellent,No,531018,No,531018,2,3830,2891,Downtown,3
530,3203,3,2,1,1990,Urban,Good,Yes,257358,Yes,257358,2,3203,2891,Urban,1
531,970,2,2,3,2012,Downtown,Good,No,866015,No,866015,2,970,2891,Downtown,3
532,1853,5,1,1,1965,Urban,Good,Yes,566456,Yes,566456,1,1853,2891,Urban,1
533,3283,5,3,1,1987,Urban,Fair,No,189148,No,189148,3,3283,2891,Urban,1
534,3331,5,1,1,1930,Downtown,Excellent,Yes,985510,Yes,985510,1,3331,2891,Downtown,1
535,857,4,2,2,1932,Downtown,Excellent,Yes,196123,Yes,196123,2,857,2891,Downtown,2
536,3519,5,1,3,1938,Urban,Good,Yes,447530,Yes,447530,1,3519,2891,Urban,3
537,1167,3,4,3,1993,Urban,Poor,Yes,602958,Yes,602958,4,1167,2891,Urban,3
538,4968,4,3,3,1945,Downtown,Excellent,No,543973,No,543973,3,4968,2891,Downtown,3
539,1645,1,1,1,1936,Rural,Fair,No,961352,No,961352,1,1645,2891,Rural,1
540,4685,5,4,2,2014,Downtown,Poor,Yes,60236,Yes,60236,4,4685,2891,Downtown,2
541,4219,5,3,1,1991,Urban,Poor,No,85568,No,85568,3,4219,2891,Urban,1
542,3245,1,4,3,1959,Urban,Poor,Yes,681615,Yes,681615,4,3245,2891,Urban,3
543,1039,5,3,2,1930,Urban,Poor,Yes,305745,Yes,305745,3,1039,2891,Urban,2
544,3279,1,1,2,1910,Downtown,Excellent,No,422332,No,422332,1,3279,2891,Downtown,2
545,4636,4,4,2,1986,Urban,Good,Yes,535119,Yes,535119,4,4636,2891,Urban,2
546,4275,3,2,3,2020,Rural,Poor,Yes,328496,Yes,328496,2,4275,2891,Rural,3
547,3008,1,4,2,1901,Suburban,Fair,Yes,700009,Yes,700009,4,3008,2891,Suburban,2
548,3279,2,3,2,2003,Rural,Fair,Yes,309291,Yes,309291,3,3279,2891,Rural,2
549,1424,1,1,1,2004,Downtown,Good,Yes,488866,Yes,488866,1,1424,2891,Downtown,1
550,3456,5,3,1,1926,Urban,Excellent,No,453562,No,453562,3,3456,2891,Urban,1
551,2081,4,4,2,1998,Downtown,Good,No,730516,No,730516,4,2081,2891,Downtown,2
552,3824,4,4,2,1901,Suburban,Poor,No,105904,No,105904,4,3824,2891,Suburban,2
553,4985,1,2,1,2002,Downtown,Excellent,Yes,981539,Yes,981539,2,4985,2891,Downtown,1
554,755,3,1,1,2000,Urban,Excellent,Yes,958573,Yes,958573,1,755,2891,Urban,1
555,2338,2,1,1,1920,Suburban,Poor,Yes,328252,Yes,328252,1,2338,2891,Suburban,1
556,2444,4,4,3,1957,Suburban,Fair,Yes,572247,Yes,572247,4,2444,2891,Suburban,3
557,509,5,1,3,1904,Urban,Poor,Yes,839285,Yes,839285,1,509,2891,Urban,3
558,3371,5,2,1,1951,Urban,Good,Yes,396300,Yes,396300,2,3371,2891,Urban,1
559,1297,3,3,2,1944,Urban,Poor,No,316320,No,316320,3,1297,2891,Urban,2
560,1515,4,1,1,1984,Downtown,Fair,Yes,674747,Yes,674747,1,1515,2891,Downtown,1
561,2324,1,4,3,1992,Rural,Poor,No,469136,No,469136,4,2324,2891,Rural,3
562,4969,5,3,2,1919,Downtown,Good,Yes,235922,Yes,235922,3,4969,2891,Downtown,2
563,3636,3,3,3,1960,Downtown,Good,No,187901,No,187901,3,3636,2891,Downtown,3
564,2693,4,2,2,1937,Rural,Fair,Yes,173225,Yes,173225,2,2693,2891,Rural,2
565,723,4,4,3,1919,Urban,Good,No,543406,No,543406,4,723,2891,Urban,3
566,4658,4,1,2,2013,Urban,Good,No,810135,No,810135,1,4658,2891,Urban,2
567,4425,4,4,2,1924,Rural,Poor,Yes,271738,Yes,271738,4,4425,2891,Rural,2
568,4500,4,3,2,1901,Rural,Excellent,Yes,954890,Yes,954890,3,4500,2891,Rural,2
569,2133,5,4,2,2020,Downtown,Good,No,685181,No,685181,4,2133,2891,Downtown,2
570,2652,3,1,3,1931,Suburban,Good,Yes,910359,Yes,910359,1,2652,2891,Suburban,3
571,1010,4,1,3,1925,Rural,Fair,Yes,528076,Yes,528076,1,1010,2891,Rural,3
572,884,2,2,2,1969,Downtown,Fair,Yes,954610,Yes,954610,2,884,2891,Downtown,2
573,904,2,1,2,1940,Suburban,Poor,No,292726,No,292726,1,904,2891,Suburban,2
574,2500,3,1,3,2020,Urban,Poor,Yes,352811,Yes,352811,1,2500,2891,Urban,3
575,3256,1,4,2,1966,Urban,Good,No,771202,No,771202,4,3256,2891,Urban,2
576,2168,1,4,2,1996,Downtown,Excellent,No,479059,No,479059,4,2168,2891,Downtown,2
577,1960,1,3,2,1900,Downtown,Excellent,Yes,756168,Yes,756168,3,1960,2891,Downtown,2
578,4136,2,2,1,1950,Rural,Poor,No,473759,No,473759,2,4136,2891,Rural,1
579,3224,1,4,2,1904,Urban,Fair,Yes,515996,Yes,515996,4,3224,2891,Urban,2
580,4678,5,1,1,1912,Downtown,Good,Yes,56611,Yes,56611,1,4678,2891,Downtown,1
581,2548,4,3,2,1918,Urban,Good,No,400386,No,400386,3,2548,2891,Urban,2
582,4646,2,4,3,1911,Urban,Excellent,No,921044,No,921044,4,4646,2891,Urban,3
583,1216,3,2,1,1947,Rural,Poor,No,883334,No,883334,2,1216,2891,Rural,1
584,2323,3,2,1,1924,Suburban,Excellent,No,821812,No,821812,2,2323,2891,Suburban,1
585,2581,4,3,2,1956,Rural,Excellent,No,345187,No,345187,3,2581,2891,Rural,2
586,3919,2,3,2,2014,Downtown,Poor,Yes,186343,Yes,186343,3,3919,2891,Downtown,2
587,2074,1,3,1,1934,Rural,Fair,No,909299,No,909299,3,2074,2891,Rural,1
588,749,1,3,3,1975,Rural,Good,Yes,389233,Yes,389233,3,749,2891,Rural,3
589,1173,5,3,3,1993,Urban,Fair,Yes,895177,Yes,895177,3,1173,2891,Urban,3
590,2665,5,1,2,1904,Rural,Poor,No,540092,No,540092,1,2665,2891,Rural,2
591,1270,1,1,3,1997,Downtown,Poor,No,240191,No,240191,1,1270,2891,Downtown,3
592,4462,3,4,3,1921,Suburban,Good,No,716933,No,716933,4,4462,2891,Suburban,3
593,4863,3,2,2,2002,Rural,Fair,No,726769,No,726769,2,4863,2891,Rural,2
594,2484,5,1,3,1976,Rural,Good,No,922402,No,922402,1,2484,2891,Rural,3
595,1577,4,1,2,1956,Suburban,Excellent,Yes,336608,Yes,336608,1,1577,2891,Suburban,2
596,735,1,1,1,1946,Downtown,Excellent,Yes,299220,Yes,299220,1,735,2891,Downtown,1
597,888,5,4,2,1953,Downtown,Excellent,Yes,486056,Yes,486056,4,888,2891,Downtown,2
598,3537,5,3,1,1902,Rural,Fair,No,692811,No,692811,3,3537,2891,Rural,1
599,2348,1,4,1,2023,Urban,Excellent,No,594950,No,594950,4,2348,2891,Urban,1
600,3314,1,2,3,1952,Rural,Good,Yes,854660,Yes,854660,2,3314,2891,Rural,3
601,3874,3,2,3,1983,Suburban,Fair,No,635009,No,635009,2,3874,2891,Suburban,3
602,3778,4,2,3,1930,Suburban,Good,No,712746,No,712746,2,3778,2891,Suburban,3
603,1752,4,2,2,1968,Suburban,Poor,No,843294,No,843294,2,1752,2891,Suburban,2
604,4481,1,1,3,1987,Rural,Fair,Yes,614396,Yes,614396,1,4481,2891,Rural,3
605,2622,2,1,1,2003,Rural,Good,No,141788,No,141788,1,2622,2891,Rural,1
606,2650,5,4,3,2017,Downtown,Good,Yes,518239,Yes,518239,4,2650,2891,Downtown,3
607,1829,5,3,3,1932,Urban,Fair,No,294437,No,294437,3,1829,2891,Urban,3
608,1858,1,2,2,1971,Rural,Poor,No,811299,No,811299,2,1858,2891,Rural,2
609,2982,2,4,2,1987,Downtown,Fair,Yes,916572,Yes,916572,4,2982,2891,Downtown,2
610,2517,3,1,1,1949,Rural,Excellent,No,732561,No,732561,1,2517,2891,Rural,1
611,1831,1,1,2,1983,Downtown,Excellent,No,905010,No,905010,1,1831,2891,Downtown,2
612,4844,1,3,3,2023,Downtown,Poor,No,99966,No,99966,3,4844,2891,Downtown,3
613,4761,5,3,2,1915,Urban,Good,Yes,235846,Yes,235846,3,4761,2891,Urban,2
614,1858,1,3,1,2013,Rural,Good,No,322530,No,322530,3,1858,2891,Rural,1
615,3677,1,4,3,2015,Downtown,Good,No,651516,No,651516,4,3677,2891,Downtown,3
616,2628,1,1,1,1975,Suburban,Fair,No,196297,No,196297,1,2628,2891,Suburban,1
617,2680,5,1,2,1976,Suburban,Fair,No,459909,No,459909,1,2680,2891,Suburban,2
618,637,3,3,2,2008,Suburban,Poor,No,384341,No,384341,3,637,2891,Suburban,2
619,3972,3,2,1,2005,Urban,Excellent,Yes,93021,Yes,93021,2,3972,2891,Urban,1
620,3332,1,3,3,1938,Downtown,Good,Yes,431059,Yes,431059,3,3332,2891,Downtown,3
621,4079,5,4,2,1988,Urban,Excellent,No,199333,No,199333,4,4079,2891,Urban,2
622,3531,3,3,2,1945,Rural,Fair,No,470594,No,470594,3,3531,2891,Rural,2
623,4664,3,3,3,1995,Rural,Fair,Yes,953606,Yes,953606,3,4664,2891,Rural,3
624,3093,3,4,2,1987,Downtown,Fair,No,826934,No,826934,4,3093,2891,Downtown,2
625,4800,5,3,1,2011,Suburban,Excellent,No,136755,No,136755,3,4800,2891,Suburban,1
626,4318,5,1,2,1946,Downtown,Poor,No,979441,No,979441,1,4318,2891,Downtown,2
627,4638,1,2,2,1943,Downtown,Poor,No,116330,No,116330,2,4638,2891,Downtown,2
628,4323,4,3,3,1908,Downtown,Fair,No,752726,No,752726,3,4323,2891,Downtown,3
629,4542,3,4,1,2003,Urban,Good,No,908754,No,908754,4,4542,2891,Urban,1
630,2406,4,2,3,2013,Rural,Excellent,No,938750,No,938750,2,2406,2891,Rural,3
631,1260,5,4,2,1986,Downtown,Fair,No,619601,No,619601,4,1260,2891,Downtown,2
632,3945,5,2,2,1949,Downtown,Excellent,Yes,284729,Yes,284729,2,3945,2891,Downtown,2
633,1399,5,2,3,1976,Downtown,Excellent,Yes,807071,Yes,807071,2,1399,2891,Downtown,3
634,4955,4,3,3,1959,Urban,Poor,No,339176,No,339176,3,4955,2891,Urban,3
635,3447,5,1,3,2022,Urban,Fair,No,535179,No,535179,1,3447,2891,Urban,3
636,2219,1,3,1,1995,Urban,Poor,No,198430,No,198430,3,2219,2891,Urban,1
637,780,5,4,2,2013,Downtown,Fair,No,898142,No,898142,4,780,2891,Downtown,2
638,3766,2,4,3,1914,Suburban,Excellent,Yes,407470,Yes,407470,4,3766,2891,Suburban,3
639,2387,4,2,2,1935,Suburban,Poor,Yes,398301,Yes,398301,2,2387,2891,Suburban,2
640,3766,2,2,1,2012,Suburban,Excellent,Yes,492037,Yes,492037,2,3766,2891,Suburban,1
641,1166,5,1,1,1962,Rural,Fair,Yes,78365,Yes,78365,1,1166,2891,Rural,1
642,4688,1,3,1,1968,Downtown,Good,No,325333,No,325333,3,4688,2891,Downtown,1
643,1171,3,4,1,1985,Suburban,Poor,No,519965,No,519965,4,1171,2891,Suburban,1
644,2469,5,2,2,1979,Suburban,Poor,No,581536,No,581536,2,2469,2891,Suburban,2
645,4656,1,1,1,1940,Suburban,Excellent,Yes,54369,Yes,54369,1,4656,2891,Suburban,1
646,3622,4,4,1,1973,Downtown,Excellent,No,506979,No,506979,4,3622,2891,Downtown,1
647,4400,2,2,3,1923,Suburban,Good,No,975554,No,975554,2,4400,2891,Suburban,3
648,1023,2,4,1,1981,Suburban,Poor,Yes,865037,Yes,865037,4,1023,2891,Suburban,1
649,2893,2,1,3,1948,Downtown,Fair,Yes,886048,Yes,886048,1,2893,2891,Downtown,3
650,3617,4,1,1,1917,Rural,Fair,Yes,497695,Yes,497695,1,3617,2891,Rural,1
651,3093,1,4,1,1906,Urban,Poor,Yes,415863,Yes,415863,4,3093,2891,Urban,1
652,2468,4,3,3,1903,Suburban,Poor,Yes,221955,Yes,221955,3,2468,2891,Suburban,3
653,2253,2,4,1,1989,Urban,Poor,No,607343,No,607343,4,2253,2891,Urban,1
654,2796,5,2,2,1968,Rural,Good,No,774091,No,774091,2,2796,2891,Rural,2
655,2761,3,3,2,1959,Rural,Fair,Yes,428824,Yes,428824,3,2761,2891,Rural,2
656,2786,4,2,1,1954,Suburban,Fair,No,319594,No,319594,2,2786,2891,Suburban,1
657,4702,4,4,2,1915,Downtown,Excellent,No,183997,No,183997,4,4702,2891,Downtown,2
658,3378,1,3,3,1998,Rural,Excellent,No,523267,No,523267,3,3378,2891,Rural,3
659,4643,1,2,1,1989,Urban,Poor,No,100272,No,100272,2,4643,2891,Urban,1
660,4144,4,4,1,1981,Urban,Excellent,Yes,55310,Yes,55310,4,4144,2891,Urban,1
661,4932,2,4,3,1928,Urban,Good,No,81817,No,81817,4,4932,2891,Urban,3
662,2555,3,3,3,1922,Urban,Fair,No,558350,No,558350,3,2555,2891,Urban,3
663,1776,1,4,3,2016,Rural,Fair,No,536160,No,536160,4,1776,2891,Rural,3
664,3266,2,1,1,1913,Suburban,Excellent,Yes,487744,Yes,487744,1,3266,2891,Suburban,1
665,802,5,2,3,1978,Suburban,Poor,No,790176,No,790176,2,802,2891,Suburban,3
666,1138,1,2,3,1948,Urban,Excellent,Yes,132641,Yes,132641,2,1138,2891,Urban,3
667,555,2,4,2,1932,Suburban,Poor,Yes,789443,Yes,789443,4,555,2891,Suburban,2
668,1025,2,4,2,1924,Urban,Good,Yes,781670,Yes,781670,4,1025,2891,Urban,2
669,4623,3,1,1,1920,Urban,Fair,Yes,589745,Yes,589745,1,4623,2891,Urban,1
670,2625,3,3,2,1916,Downtown,Good,No,92311,No,92311,3,2625,2891,Downtown,2
671,3787,5,4,2,1922,Rural,Fair,Yes,971484,Yes,971484,4,3787,2891,Rural,2
672,864,2,4,3,1956,Rural,Good,Yes,201958,Yes,201958,4,864,2891,Rural,3
673,2146,2,4,3,2006,Urban,Excellent,Yes,520328,Yes,520328,4,2146,2891,Urban,3
674,1418,3,4,2,1980,Rural,Good,Yes,494093,Yes,494093,4,1418,2891,Rural,2
675,3297,1,2,2,1957,Suburban,Good,Yes,697861,Yes,697861,2,3297,2891,Suburban,2
676,2031,1,4,2,1913,Urban,Excellent,No,409571,No,409571,4,2031,2891,Urban,2
677,3845,4,2,1,1992,Downtown,Fair,Yes,872613,Yes,872613,2,3845,2891,Downtown,1
678,2406,3,4,1,1919,Suburban,Fair,No,214334,No,214334,4,2406,2891,Suburban,1
679,3586,4,3,1,1929,Downtown,Excellent,No,968451,No,968451,3,3586,2891,Downtown,1
680,2575,3,1,2,1918,Downtown,Good,Yes,443238,Yes,443238,1,2575,2891,Downtown,2
681,1213,5,3,2,1952,Rural,Good,No,837560,No,837560,3,1213,2891,Rural,2
682,1562,2,4,1,2002,Rural,Good,No,653810,No,653810,4,1562,2891,Rural,1
683,2476,5,4,1,1955,Urban,Poor,No,213394,No,213394,4,2476,2891,Urban,1
684,1796,3,4,2,1976,Rural,Fair,Yes,98929,Yes,98929,4,1796,2891,Rural,2
685,625,2,3,3,1981,Downtown,Good,Yes,655984,Yes,655984,3,625,2891,Downtown,3
686,4096,1,4,1,1922,Downtown,Fair,Yes,427389,Yes,427389,4,4096,2891,Downtown,1
687,3783,1,3,2,1961,Suburban,Good,Yes,846240,Yes,846240,3,3783,2891,Suburban,2
688,2103,4,2,2,2009,Downtown,Excellent,Yes,669436,Yes,669436,2,2103,2891,Downtown,2
689,566,3,1,3,1932,Urban,Excellent,Yes,496098,Yes,496098,1,566,2891,Urban,3
690,732,3,1,2,2002,Urban,Fair,Yes,858157,Yes,858157,1,732,2891,Urban,2
691,2656,1,3,2,2003,Rural,Fair,No,384678,No,384678,3,2656,2891,Rural,2
692,1669,5,2,1,1917,Rural,Excellent,No,352094,No,352094,2,1669,2891,Rural,1
693,2658,2,3,1,1972,Rural,Poor,Yes,794314,Yes,794314,3,2658,2891,Rural,1
694,4706,5,2,3,1932,Urban,Excellent,No,133576,No,133576,2,4706,2891,Urban,3
695,1993,5,4,3,1931,Downtown,Good,Yes,70557,Yes,70557,4,1993,2891,Downtown,3
696,4507,1,2,2,1960,Rural,Poor,Yes,596113,Yes,596113,2,4507,2891,Rural,2
697,2972,1,2,1,1953,Suburban,Excellent,Yes,321142,Yes,321142,2,2972,2891,Suburban,1
698,3160,1,2,3,1916,Rural,Poor,No,86080,No,86080,2,3160,2891,Rural,3
699,3239,4,1,3,1918,Urban,Poor,Yes,833103,Yes,833103,1,3239,2891,Urban,3
700,2261,5,2,3,1990,Rural,Poor,Yes,238869,Yes,238869,2,2261,2891,Rural,3
701,4014,3,4,2,1969,Downtown,Fair,Yes,721162,Yes,721162,4,4014,2891,Downtown,2
702,2475,2,4,1,1998,Rural,Excellent,Yes,978671,Yes,978671,4,2475,2891,Rural,1
703,2862,4,4,3,2019,Urban,Fair,No,543844,No,543844,4,2862,2891,Urban,3
704,1376,3,2,1,2000,Urban,Fair,Yes,616695,Yes,616695,2,1376,2891,Urban,1
705,4312,5,3,3,1933,Suburban,Good,No,170283,No,170283,3,4312,2891,Suburban,3
706,3948,1,3,3,1983,Urban,Good,No,63338,No,63338,3,3948,2891,Urban,3
707,1812,5,4,1,1924,Suburban,Poor,Yes,650577,Yes,650577,4,1812,2891,Suburban,1
708,1960,2,1,1,1967,Downtown,Poor,Yes,514736,Yes,514736,1,1960,2891,Downtown,1
709,3209,4,3,1,1973,Urban,Good,No,724255,No,724255,3,3209,2891,Urban,1
710,2824,4,2,2,1973,Rural,Good,No,228982,No,228982,2,2824,2891,Rural,2
711,2233,2,3,3,1987,Downtown,Excellent,No,967461,No,967461,3,2233,2891,Downtown,3
712,2105,3,4,2,1984,Rural,Poor,No,159367,No,159367,4,2105,2891,Rural,2
713,3063,3,1,1,1910,Rural,Poor,Yes,378042,Yes,378042,1,3063,2891,Rural,1
714,3921,4,3,3,1990,Rural,Good,No,970958,No,970958,3,3921,2891,Rural,3
715,4017,4,3,2,1915,Downtown,Excellent,No,691774,No,691774,3,4017,2891,Downtown,2
716,2897,1,4,3,1989,Downtown,Good,No,398684,No,398684,4,2897,2891,Downtown,3
717,4235,3,1,2,1960,Urban,Good,No,544775,No,544775,1,4235,2891,Urban,2
718,3370,2,1,1,1993,Rural,Fair,Yes,788497,Yes,788497,1,3370,2891,Rural,1
719,1660,3,4,2,2012,Suburban,Poor,Yes,493853,Yes,493853,4,1660,2891,Suburban,2
720,742,1,2,3,1979,Urban,Excellent,Yes,830343,Yes,830343,2,742,2891,Urban,3
721,3090,4,3,3,1906,Downtown,Fair,No,710709,No,710709,3,3090,2891,Downtown,3
722,1563,4,2,3,1915,Suburban,Poor,No,961848,No,961848,2,1563,2891,Suburban,3
723,4824,1,3,3,1998,Downtown,Good,Yes,876395,Yes,876395,3,4824,2891,Downtown,3
724,3095,2,3,1,2021,Suburban,Excellent,Yes,450966,Yes,450966,3,3095,2891,Suburban,1
725,1419,4,2,2,1915,Urban,Poor,No,407073,No,407073,2,1419,2891,Urban,2
726,505,5,4,1,1939,Suburban,Good,Yes,727823,Yes,727823,4,505,2891,Suburban,1
727,967,4,4,1,1911,Urban,Fair,No,649223,No,649223,4,967,2891,Urban,1
728,4670,5,3,1,1934,Downtown,Excellent,No,764152,No,764152,3,4670,2891,Downtown,1
729,503,1,4,3,2012,Suburban,Poor,No,850118,No,850118,4,503,2891,Suburban,3
730,1145,1,3,3,1920,Rural,Fair,No,549555,No,549555,3,1145,2891,Rural,3
731,617,4,4,3,1949,Rural,Good,No,113528,No,113528,4,617,2891,Rural,3
732,3428,3,3,2,1942,Downtown,Good,No,674099,No,674099,3,3428,2891,Downtown,2
733,3051,5,4,3,1999,Suburban,Poor,Yes,558907,Yes,558907,4,3051,2891,Suburban,3
734,4789,2,1,2,2011,Rural,Good,Yes,334931,Yes,334931,1,4789,2891,Rural,2
735,1346,4,2,3,1916,Urban,Excellent,Yes,982280,Yes,982280,2,1346,2891,Urban,3
736,3262,2,1,3,1931,Suburban,Poor,No,427757,No,427757,1,3262,2891,Suburban,3
737,1641,4,2,1,1940,Suburban,Fair,Yes,762787,Yes,762787,2,1641,2891,Suburban,1
738,2310,3,2,1,1905,Rural,Poor,No,834429,No,834429,2,2310,2891,Rural,1
739,1223,3,3,1,1987,Urban,Poor,No,154887,No,154887,3,1223,2891,Urban,1
740,724,3,2,2,1926,Urban,Fair,No,111086,No,111086,2,724,2891,Urban,2
741,4708,3,1,2,1919,Urban,Good,No,938663,No,938663,1,4708,2891,Urban,2
742,2548,1,1,3,1924,Suburban,Fair,Yes,305494,Yes,305494,1,2548,2891,Suburban,3
743,4915,1,4,2,1965,Downtown,Excellent,Yes,558889,Yes,558889,4,4915,2891,Downtown,2
744,2073,5,1,3,1908,Suburban,Good,Yes,637596,Yes,637596,1,2073,2891,Suburban,3
745,2328,2,4,2,1991,Suburban,Poor,No,327941,No,327941,4,2328,2891,Suburban,2
746,2417,4,2,2,1952,Rural,Good,Yes,317446,Yes,317446,2,2417,2891,Rural,2
747,4734,4,1,2,1960,Downtown,Good,Yes,506388,Yes,506388,1,4734,2891,Downtown,2
748,2526,1,2,1,1937,Urban,Excellent,Yes,612347,Yes,612347,2,2526,2891,Urban,1
749,4244,4,1,2,1902,Rural,Good,No,181980,No,181980,1,4244,2891,Rural,2
750,1401,1,1,1,1983,Suburban,Good,Yes,765612,Yes,765612,1,1401,2891,Suburban,1
751,2539,5,4,1,1969,Downtown,Good,No,523875,No,523875,4,2539,2891,Downtown,1
752,509,2,2,2,2002,Urban,Poor,Yes,193949,Yes,193949,2,509,2891,Urban,2
753,760,5,1,3,1996,Urban,Good,No,326383,No,326383,1,760,2891,Urban,3
754,2173,3,3,3,1954,Suburban,Fair,Yes,77313,Yes,77313,3,2173,2891,Suburban,3
755,2719,3,2,3,1900,Urban,Good,Yes,92103,Yes,92103,2,2719,2891,Urban,3
756,2560,3,2,2,2000,Urban,Excellent,Yes,229480,Yes,229480,2,2560,2891,Urban,2
757,4213,5,2,3,1969,Downtown,Good,No,526467,No,526467,2,4213,2891,Downtown,3
758,2119,4,4,1,1944,Rural,Good,Yes,138771,Yes,138771,4,2119,2891,Rural,1
759,820,2,3,3,1997,Downtown,Poor,Yes,176228,Yes,176228,3,820,2891,Downtown,3
760,1842,3,2,2,1946,Rural,Fair,No,141665,No,141665,2,1842,2891,Rural,2
761,2876,3,1,3,1978,Rural,Good,No,846966,No,846966,1,2876,2891,Rural,3
762,3332,3,1,1,2008,Rural,Fair,No,879492,No,879492,1,3332,2891,Rural,1
763,3324,2,4,2,1925,Urban,Excellent,No,853621,No,853621,4,3324,2891,Urban,2
764,2494,3,1,3,2020,Downtown,Poor,Yes,964863,Yes,964863,1,2494,2891,Downtown,3
765,3458,2,2,2,1913,Urban,Fair,Yes,660355,Yes,660355,2,3458,2891,Urban,2
766,2538,3,1,2,2021,Suburban,Poor,No,847399,No,847399,1,2538,2891,Suburban,2
767,3990,5,2,2,1953,Downtown,Good,Yes,787351,Yes,787351,2,3990,2891,Downtown,2
768,4177,5,1,3,1970,Rural,Excellent,No,901995,No,901995,1,4177,2891,Rural,3
769,1618,2,3,2,1945,Urban,Poor,Yes,320804,Yes,320804,3,1618,2891,Urban,2
770,2104,5,4,3,2021,Urban,Good,No,430815,No,430815,4,2104,2891,Urban,3
771,4527,2,4,1,1930,Downtown,Fair,Yes,534091,Yes,534091,4,4527,2891,Downtown,1
772,735,5,3,3,1987,Downtown,Excellent,No,179909,No,179909,3,735,2891,Downtown,3
773,2469,5,3,1,1958,Rural,Excellent,No,483039,No,483039,3,2469,2891,Rural,1
774,4929,2,4,3,1994,Rural,Fair,Yes,499058,Yes,499058,4,4929,2891,Rural,3
775,2408,4,3,2,1928,Suburban,Fair,Yes,190688,Yes,190688,3,2408,2891,Suburban,2
776,875,5,2,3,2005,Rural,Excellent,Yes,125976,Yes,125976,2,875,2891,Rural,3
777,4030,3,1,2,1995,Urban,Poor,No,807496,No,807496,1,4030,2891,Urban,2
778,3135,4,4,1,1916,Suburban,Excellent,Yes,229810,Yes,229810,4,3135,2891,Suburban,1
779,2070,2,3,3,1913,Suburban,Fair,No,325251,No,325251,3,2070,2891,Suburban,3
780,3060,4,2,2,2003,Suburban,Poor,Yes,766764,Yes,766764,2,3060,2891,Suburban,2
781,3891,1,4,1,1935,Downtown,Good,Yes,668470,Yes,668470,4,3891,2891,Downtown,1
782,3465,1,3,1,1957,Rural,Excellent,No,817441,No,817441,3,3465,2891,Rural,1
783,4143,5,4,3,2011,Suburban,Fair,No,928219,No,928219,4,4143,2891,Suburban,3
784,4350,5,3,1,1923,Downtown,Good,Yes,852386,Yes,852386,3,4350,2891,Downtown,1
785,1372,3,4,2,2008,Downtown,Excellent,No,329087,No,329087,4,1372,2891,Downtown,2
786,1752,4,2,1,1962,Suburban,Excellent,No,90725,No,90725,2,1752,2891,Suburban,1
787,1814,1,2,1,2017,Suburban,Poor,Yes,881866,Yes,881866,2,1814,2891,Suburban,1
788,3398,5,1,2,1990,Urban,Fair,No,922183,No,922183,1,3398,2891,Urban,2
789,577,4,4,1,1924,Suburban,Good,Yes,584398,Yes,584398,4,577,2891,Suburban,1
790,3121,5,1,1,1958,Urban,Excellent,Yes,548864,Yes,548864,1,3121,2891,Urban,1
791,4727,5,4,1,1931,Suburban,Poor,No,328606,No,328606,4,4727,2891,Suburban,1
792,1100,1,3,1,2015,Suburban,Good,Yes,391376,Yes,391376,3,1100,2891,Suburban,1
793,1565,1,3,2,1981,Rural,Good,No,759441,No,759441,3,1565,2891,Rural,2
794,2636,5,1,1,2009,Suburban,Excellent,Yes,496015,Yes,496015,1,2636,2891,Suburban,1
795,2949,2,4,2,1917,Suburban,Good,No,640855,No,640855,4,2949,2891,Suburban,2
796,2843,5,1,1,1936,Urban,Excellent,No,532517,No,532517,1,2843,2891,Urban,1
797,2363,5,2,1,1925,Urban,Poor,No,756584,No,756584,2,2363,2891,Urban,1
798,1818,3,1,1,1908,Rural,Poor,No,439569,No,439569,1,1818,2891,Rural,1
799,4097,3,1,1,2023,Suburban,Good,No,892495,No,892495,1,4097,2891,Suburban,1
800,4262,3,3,2,1998,Suburban,Excellent,Yes,163394,Yes,163394,3,4262,2891,Suburban,2
801,2690,2,1,2,1963,Urban,Fair,Yes,891672,Yes,891672,1,2690,2891,Urban,2
802,1492,2,4,2,1971,Downtown,Poor,No,917784,No,917784,4,1492,2891,Downtown,2
803,3212,5,3,3,1919,Downtown,Excellent,Yes,198940,Yes,198940,3,3212,2891,Downtown,3
804,2692,3,1,1,1953,Downtown,Excellent,No,393133,No,393133,1,2692,2891,Downtown,1
805,1748,2,2,1,2005,Urban,Excellent,No,72222,No,72222,2,1748,2891,Urban,1
806,3554,1,1,2,1985,Urban,Good,Yes,129794,Yes,129794,1,3554,2891,Urban,2
807,4533,5,1,3,1982,Downtown,Fair,Yes,638212,Yes,638212,1,4533,2891,Downtown,3
808,2497,4,1,1,1929,Downtown,Good,No,674142,No,674142,1,2497,2891,Downtown,1
809,4187,5,3,2,1952,Suburban,Poor,No,914945,No,914945,3,4187,2891,Suburban,2
810,2651,4,4,1,1991,Urban,Good,No,834326,No,834326,4,2651,2891,Urban,1
811,4518,3,2,1,1998,Urban,Excellent,No,891081,No,891081,2,4518,2891,Urban,1
812,3610,4,1,2,2006,Downtown,Good,No,415130,No,415130,1,3610,2891,Downtown,2
813,2470,3,4,2,1962,Downtown,Excellent,No,818103,No,818103,4,2470,2891,Downtown,2
814,697,1,4,1,1910,Rural,Fair,Yes,920181,Yes,920181,4,697,2891,Rural,1
815,3126,4,3,1,1930,Urban,Good,No,283127,No,283127,3,3126,2891,Urban,1
816,1702,5,2,2,1948,Rural,Good,No,554434,No,554434,2,1702,2891,Rural,2
817,2535,3,3,1,2011,Suburban,Good,Yes,191295,Yes,191295,3,2535,2891,Suburban,1
818,977,5,4,1,2002,Rural,Excellent,No,229238,No,229238,4,977,2891,Rural,1
819,1754,2,4,2,1999,Downtown,Excellent,No,89369,No,89369,4,1754,2891,Downtown,2
820,1422,3,4,1,1993,Urban,Good,Yes,922811,Yes,922811,4,1422,2891,Urban,1
821,919,4,3,1,1986,Urban,Good,No,905824,No,905824,3,919,2891,Urban,1
822,2704,3,2,3,1918,Rural,Fair,Yes,849093,Yes,849093,2,2704,2891,Rural,3
823,3097,5,1,2,1911,Rural,Fair,No,720951,No,720951,1,3097,2891,Rural,2
824,1620,1,3,3,1914,Suburban,Poor,Yes,383862,Yes,383862,3,1620,2891,Suburban,3
825,3568,3,4,3,1930,Suburban,Fair,Yes,760595,Yes,760595,4,3568,2891,Suburban,3
826,1450,4,3,3,1942,Downtown,Fair,Yes,320114,Yes,320114,3,1450,2891,Downtown,3
827,2836,2,4,1,2000,Downtown,Fair,No,97922,No,97922,4,2836,2891,Downtown,1
828,2743,1,1,1,1936,Downtown,Excellent,No,543614,No,543614,1,2743,2891,Downtown,1
829,3145,2,1,3,1978,Rural,Fair,Yes,867187,Yes,867187,1,3145,2891,Rural,3
830,2357,3,2,3,1928,Rural,Fair,Yes,695214,Yes,695214,2,2357,2891,Rural,3
831,2365,5,4,3,2013,Urban,Good,No,69416,No,69416,4,2365,2891,Urban,3
832,3412,5,2,1,2006,Downtown,Excellent,No,63672,No,63672,2,3412,2891,Downtown,1
833,3353,4,2,3,1925,Rural,Poor,No,526684,No,526684,2,3353,2891,Rural,3
834,3728,5,1,3,2007,Urban,Poor,No,178145,No,178145,1,3728,2891,Urban,3
835,4219,1,3,2,1901,Downtown,Fair,No,752356,No,752356,3,4219,2891,Downtown,2
836,3728,5,3,2,1983,Suburban,Poor,Yes,910527,Yes,910527,3,3728,2891,Suburban,2
837,2871,4,2,1,1914,Suburban,Poor,No,50064,No,50064,2,2871,2891,Suburban,1
838,3391,3,1,2,2015,Rural,Poor,Yes,118835,Yes,118835,1,3391,2891,Rural,2
839,4256,3,4,2,1903,Urban,Fair,No,251457,No,251457,4,4256,2891,Urban,2
840,4725,5,3,2,1985,Suburban,Poor,Yes,973143,Yes,973143,3,4725,2891,Suburban,2
841,594,2,2,1,1949,Urban,Fair,Yes,297795,Yes,297795,2,594,2891,Urban,1
842,3174,3,3,2,1937,Urban,Good,No,454271,No,454271,3,3174,2891,Urban,2
843,2455,5,3,1,1922,Suburban,Good,Yes,399738,Yes,399738,3,2455,2891,Suburban,1
844,1293,4,4,3,1958,Urban,Poor,Yes,996931,Yes,996931,4,1293,2891,Urban,3
845,2334,5,1,2,1989,Suburban,Good,Yes,691204,Yes,691204,1,2334,2891,Suburban,2
846,2616,3,4,1,2014,Rural,Fair,Yes,956740,Yes,956740,4,2616,2891,Rural,1
847,4606,4,1,2,1974,Downtown,Good,No,918948,No,918948,1,4606,2891,Downtown,2
848,3825,5,3,3,1927,Downtown,Poor,Yes,901098,Yes,901098,3,3825,2891,Downtown,3
849,3419,1,2,1,2019,Rural,Fair,No,245346,No,245346,2,3419,2891,Rural,1
850,3097,4,4,1,1965,Suburban,Excellent,Yes,954726,Yes,954726,4,3097,2891,Suburban,1
851,3705,1,1,1,2022,Suburban,Fair,No,323010,No,323010,1,3705,2891,Suburban,1
852,1314,2,3,3,1907,Suburban,Good,No,53889,No,53889,3,1314,2891,Suburban,3
853,845,4,1,3,1928,Suburban,Excellent,No,168194,No,168194,1,845,2891,Suburban,3
854,2849,1,1,3,1910,Rural,Fair,Yes,174714,Yes,174714,1,2849,2891,Rural,3
855,862,3,1,1,2000,Downtown,Excellent,No,605623,No,605623,1,862,2891,Downtown,1
856,2943,3,3,3,1917,Urban,Excellent,No,100547,No,100547,3,2943,2891,Urban,3
857,2765,2,2,2,1954,Urban,Excellent,Yes,207234,Yes,207234,2,2765,2891,Urban,2
858,2688,4,2,3,1949,Downtown,Fair,No,794809,No,794809,2,2688,2891,Downtown,3
859,3505,4,2,1,1913,Rural,Good,Yes,730047,Yes,730047,2,3505,2891,Rural,1
860,3781,4,1,2,2017,Urban,Fair,Yes,935188,Yes,935188,1,3781,2891,Urban,2
861,1484,2,3,3,1973,Downtown,Good,No,323139,No,323139,3,1484,2891,Downtown,3
862,2139,4,1,2,1998,Rural,Fair,Yes,499704,Yes,499704,1,2139,2891,Rural,2
863,1327,3,2,2,1908,Urban,Fair,Yes,52631,Yes,52631,2,1327,2891,Urban,2
864,3230,1,2,1,1998,Suburban,Fair,Yes,187039,Yes,187039,2,3230,2891,Suburban,1
865,4031,3,3,2,1910,Suburban,Good,No,924726,No,924726,3,4031,2891,Suburban,2
866,4951,3,1,2,1962,Rural,Fair,Yes,399422,Yes,399422,1,4951,2891,Rural,2
867,3435,1,4,1,2007,Suburban,Excellent,Yes,638759,Yes,638759,4,3435,2891,Suburban,1
868,4376,3,4,1,1975,Rural,Fair,Yes,349260,Yes,349260,4,4376,2891,Rural,1
869,626,2,2,1,1966,Downtown,Excellent,No,928548,No,928548,2,626,2891,Downtown,1
870,3677,1,3,2,1952,Downtown,Poor,Yes,477443,Yes,477443,3,3677,2891,Downtown,2
871,3556,3,1,2,1938,Urban,Poor,No,707302,No,707302,1,3556,2891,Urban,2
872,1103,5,1,2,1977,Rural,Good,Yes,621952,Yes,621952,1,1103,2891,Rural,2
873,3949,3,2,1,1955,Urban,Good,No,733429,No,733429,2,3949,2891,Urban,1
874,4646,2,2,3,1927,Urban,Poor,No,137342,No,137342,2,4646,2891,Urban,3
875,4033,4,1,2,1974,Downtown,Fair,No,64407,No,64407,1,4033,2891,Downtown,2
876,3867,3,1,3,1938,Urban,Fair,Yes,163926,Yes,163926,1,3867,2891,Urban,3
877,3868,4,2,1,1924,Suburban,Fair,Yes,371345,Yes,371345,2,3868,2891,Suburban,1
878,4297,5,1,2,1920,Urban,Poor,Yes,916525,Yes,916525,1,4297,2891,Urban,2
879,2292,3,4,3,1909,Rural,Excellent,No,497564,No,497564,4,2292,2891,Rural,3
880,3361,1,2,2,1942,Suburban,Good,Yes,787341,Yes,787341,2,3361,2891,Suburban,2
881,3976,4,1,2,1914,Downtown,Excellent,Yes,592166,Yes,592166,1,3976,2891,Downtown,2
882,3917,5,2,2,1982,Rural,Poor,No,133100,No,133100,2,3917,2891,Rural,2
883,2145,1,3,3,1947,Suburban,Excellent,Yes,915061,Yes,915061,3,2145,2891,Suburban,3
884,1705,1,2,1,1985,Rural,Fair,Yes,498636,Yes,498636,2,1705,2891,Rural,1
885,3530,1,2,2,1920,Suburban,Fair,No,544308,No,544308,2,3530,2891,Suburban,2
886,3372,1,3,1,1959,Rural,Excellent,No,273059,No,273059,3,3372,2891,Rural,1
887,3572,3,4,1,2015,Rural,Poor,Yes,617456,Yes,617456,4,3572,2891,Rural,1
888,2354,3,1,3,2007,Suburban,Excellent,No,300396,No,300396,1,2354,2891,Suburban,3
889,4521,3,3,3,1995,Downtown,Fair,Yes,824769,Yes,824769,3,4521,2891,Downtown,3
890,3208,5,2,1,1949,Downtown,Fair,Yes,367006,Yes,367006,2,3208,2891,Downtown,1
891,4002,5,1,2,1922,Rural,Poor,Yes,78004,Yes,78004,1,4002,2891,Rural,2
892,1832,5,3,3,1912,Rural,Excellent,Yes,856903,Yes,856903,3,1832,2891,Rural,3
893,701,2,1,2,1968,Downtown,Fair,Yes,574252,Yes,574252,1,701,2891,Downtown,2
894,4007,5,1,2,1903,Downtown,Fair,No,666108,No,666108,1,4007,2891,Downtown,2
895,4712,3,3,2,1991,Urban,Excellent,No,241239,No,241239,3,4712,2891,Urban,2
896,1074,3,1,1,1977,Downtown,Excellent,Yes,676517,Yes,676517,1,1074,2891,Downtown,1
897,1036,2,4,2,1971,Rural,Good,No,527044,No,527044,4,1036,2891,Rural,2
898,2125,2,3,1,1908,Suburban,Poor,No,901740,No,901740,3,2125,2891,Suburban,1
899,2622,5,4,1,2020,Downtown,Poor,Yes,396113,Yes,396113,4,2622,2891,Downtown,1
900,885,4,2,2,2014,Urban,Excellent,No,64568,No,64568,2,885,2891,Urban,2
901,3781,2,1,2,1934,Urban,Poor,No,583754,No,583754,1,3781,2891,Urban,2
902,974,1,2,2,2000,Urban,Fair,Yes,272129,Yes,272129,2,974,2891,Urban,2
903,917,3,2,2,1920,Suburban,Excellent,Yes,631612,Yes,631612,2,917,2891,Suburban,2
904,4100,1,1,1,1957,Downtown,Excellent,Yes,938640,Yes,938640,1,4100,2891,Downtown,1
905,1454,3,3,2,1917,Downtown,Excellent,Yes,196539,Yes,196539,3,1454,2891,Downtown,2
906,1705,3,1,2,1996,Downtown,Good,Yes,650243,Yes,650243,1,1705,2891,Downtown,2
907,4620,2,2,1,1971,Suburban,Poor,Yes,197748,Yes,197748,2,4620,2891,Suburban,1
908,2490,2,2,3,2014,Suburban,Good,Yes,144791,Yes,144791,2,2490,2891,Suburban,3
909,4072,1,3,3,2012,Rural,Fair,No,736874,No,736874,3,4072,2891,Rural,3
910,4880,3,1,1,1980,Urban,Poor,Yes,945150,Yes,945150,1,4880,2891,Urban,1
911,4658,1,2,3,1942,Urban,Good,No,596938,No,596938,2,4658,2891,Urban,3
912,3213,4,4,1,1994,Downtown,Excellent,No,400434,No,400434,4,3213,2891,Downtown,1
913,2703,1,2,2,1997,Suburban,Good,Yes,127701,Yes,127701,2,2703,2891,Suburban,2
914,3620,5,2,2,1905,Suburban,Excellent,No,847115,No,847115,2,3620,2891,Suburban,2
915,1466,1,3,3,1985,Downtown,Good,No,279164,No,279164,3,1466,2891,Downtown,3
916,3932,5,4,2,1977,Downtown,Good,No,503035,No,503035,4,3932,2891,Downtown,2
917,1188,5,2,3,1966,Rural,Good,Yes,655266,Yes,655266,2,1188,2891,Rural,3
918,4743,5,2,3,1911,Urban,Excellent,No,579148,No,579148,2,4743,2891,Urban,3
919,4201,4,4,2,1999,Urban,Good,No,709089,No,709089,4,4201,2891,Urban,2
920,841,1,1,2,1911,Urban,Poor,Yes,605639,Yes,605639,1,841,2891,Urban,2
921,2224,1,1,3,2008,Rural,Poor,No,555920,No,555920,1,2224,2891,Rural,3
922,4922,4,2,2,1965,Downtown,Poor,No,374888,No,374888,2,4922,2891,Downtown,2
923,2292,3,2,1,1901,Downtown,Excellent,No,729706,No,729706,2,2292,2891,Downtown,1
924,2259,2,1,2,1914,Urban,Excellent,No,956630,No,956630,1,2259,2891,Urban,2
925,3712,1,3,2,1922,Urban,Poor,No,910587,No,910587,3,3712,2891,Urban,2
926,1489,2,4,1,1928,Rural,Poor,Yes,171449,Yes,171449,4,1489,2891,Rural,1
927,2762,4,4,2,1980,Suburban,Poor,No,650988,No,650988,4,2762,2891,Suburban,2
928,2982,3,3,2,1995,Suburban,Fair,Yes,809774,Yes,809774,3,2982,2891,Suburban,2
929,1451,3,3,3,1906,Urban,Poor,No,843387,No,843387,3,1451,2891,Urban,3
930,1222,3,3,2,1993,Rural,Good,Yes,307571,Yes,307571,3,1222,2891,Rural,2
931,3889,4,3,2,1927,Urban,Fair,Yes,513506,Yes,513506,3,3889,2891,Urban,2
932,2579,5,3,1,1913,Suburban,Fair,Yes,487509,Yes,487509,3,2579,2891,Suburban,1
933,3217,5,3,3,1943,Urban,Excellent,No,766696,No,766696,3,3217,2891,Urban,3
934,2832,2,4,3,1929,Suburban,Good,No,858094,No,858094,4,2832,2891,Suburban,3
935,3876,5,3,3,1980,Suburban,Excellent,No,580696,No,580696,3,3876,2891,Suburban,3
936,2000,5,1,2,1931,Suburban,Excellent,No,745763,No,745763,1,2000,2891,Suburban,2
937,785,3,3,3,2009,Downtown,Good,No,313369,No,313369,3,785,2891,Downtown,3
938,3995,3,3,1,1969,Downtown,Excellent,Yes,979700,Yes,979700,3,3995,2891,Downtown,1
939,2565,2,4,3,2014,Urban,Good,Yes,513002,Yes,513002,4,2565,2891,Urban,3
940,1268,1,4,1,1987,Suburban,Good,Yes,196444,Yes,196444,4,1268,2891,Suburban,1
941,3557,2,3,3,1905,Downtown,Excellent,No,831608,No,831608,3,3557,2891,Downtown,3
942,4789,2,4,3,1926,Urban,Poor,No,591567,No,591567,4,4789,2891,Urban,3
943,2661,4,2,1,1981,Urban,Excellent,Yes,160401,Yes,160401,2,2661,2891,Urban,1
944,3793,4,4,3,1987,Urban,Fair,No,276801,No,276801,4,3793,2891,Urban,3
945,1446,2,4,3,2000,Urban,Excellent,No,821668,No,821668,4,1446,2891,Urban,3
946,3835,2,4,3,2019,Urban,Good,Yes,553575,Yes,553575,4,3835,2891,Urban,3
947,4650,2,4,2,1923,Rural,Fair,Yes,928836,Yes,928836,4,4650,2891,Rural,2
948,1981,5,1,1,2001,Suburban,Good,No,219259,No,219259,1,1981,2891,Suburban,1
949,2401,4,1,3,1933,Urban,Poor,No,297145,No,297145,1,2401,2891,Urban,3
950,3951,2,1,1,1939,Rural,Poor,Yes,360625,Yes,360625,1,3951,2891,Rural,1
951,4564,3,3,1,1946,Suburban,Fair,No,733835,No,733835,3,4564,2891,Suburban,1
952,554,3,3,1,1978,Downtown,Poor,Yes,94552,Yes,94552,3,554,2891,Downtown,1
953,2323,5,2,3,1974,Urban,Poor,Yes,249041,Yes,249041,2,2323,2891,Urban,3
954,3962,5,1,3,1985,Rural,Excellent,Yes,257606,Yes,257606,1,3962,2891,Rural,3
955,3579,1,3,1,2017,Downtown,Excellent,No,804965,No,804965,3,3579,2891,Downtown,1
956,1332,1,4,2,1923,Rural,Poor,Yes,836157,Yes,836157,4,1332,2891,Rural,2
957,4908,1,4,1,1964,Suburban,Poor,Yes,450074,Yes,450074,4,4908,2891,Suburban,1
958,3306,5,1,2,1917,Suburban,Excellent,No,779846,No,779846,1,3306,2891,Suburban,2
959,2990,5,2,1,1943,Downtown,Poor,Yes,124474,Yes,124474,2,2990,2891,Downtown,1
960,827,5,2,1,1975,Rural,Poor,No,337312,No,337312,2,827,2891,Rural,1
961,3810,3,4,1,1956,Urban,Good,No,606387,No,606387,4,3810,2891,Urban,1
962,3800,5,2,3,2006,Urban,Poor,No,252252,No,252252,2,3800,2891,Urban,3
963,4175,3,1,2,1927,Downtown,Fair,Yes,814742,Yes,814742,1,4175,2891,Downtown,2
964,3554,1,4,2,2003,Downtown,Good,Yes,373599,Yes,373599,4,3554,2891,Downtown,2
965,2643,1,3,1,2023,Downtown,Fair,No,628528,No,628528,3,2643,2891,Downtown,1
966,1811,1,3,3,1970,Rural,Poor,No,386940,No,386940,3,1811,2891,Rural,3
967,3691,2,2,3,1922,Urban,Excellent,No,891024,No,891024,2,3691,2891,Urban,3
968,3038,2,4,2,1984,Urban,Good,Yes,835034,Yes,835034,4,3038,2891,Urban,2
969,4483,4,4,3,1933,Urban,Excellent,No,434325,No,434325,4,4483,2891,Urban,3
970,664,4,3,2,1910,Downtown,Good,No,302051,No,302051,3,664,2891,Downtown,2
971,4777,4,4,2,1985,Urban,Excellent,No,151611,No,151611,4,4777,2891,Urban,2
972,1322,2,4,2,2005,Suburban,Good,Yes,632334,Yes,632334,4,1322,2891,Suburban,2
973,1443,2,4,3,1934,Downtown,Good,No,824756,No,824756,4,1443,2891,Downtown,3
974,4925,4,2,2,2015,Urban,Fair,Yes,66488,Yes,66488,2,4925,2891,Urban,2
975,1274,4,4,2,1992,Rural,Excellent,Yes,239913,Yes,239913,4,1274,2891,Rural,2
976,2698,5,1,1,1941,Downtown,Fair,No,430665,No,430665,1,2698,2891,Downtown,1
977,3656,4,2,2,1927,Suburban,Fair,No,967899,No,967899,2,3656,2891,Suburban,2
978,4742,5,4,2,2022,Suburban,Excellent,No,758029,No,758029,4,4742,2891,Suburban,2
979,4195,3,4,1,1981,Rural,Good,Yes,716205,Yes,716205,4,4195,2891,Rural,1
980,3952,2,1,1,1977,Rural,Fair,Yes,741419,Yes,741419,1,3952,2891,Rural,1
981,1414,4,2,3,1981,Downtown,Excellent,Yes,68394,Yes,68394,2,1414,2891,Downtown,3
982,1808,2,3,2,1991,Downtown,Good,No,930425,No,930425,3,1808,2891,Downtown,2
983,4677,2,3,3,1923,Suburban,Fair,Yes,226978,Yes,226978,3,4677,2891,Suburban,3
984,1013,2,2,3,1907,Rural,Fair,No,109332,No,109332,2,1013,2891,Rural,3
985,2420,3,4,1,2005,Downtown,Fair,No,218377,No,218377,4,2420,2891,Downtown,1
986,4094,1,4,3,2017,Suburban,Good,No,92628,No,92628,4,4094,2891,Suburban,3
987,1909,4,3,2,2008,Rural,Fair,Yes,857784,Yes,857784,3,1909,2891,Rural,2
988,3690,1,3,1,1952,Suburban,Good,Yes,529898,Yes,529898,3,3690,2891,Suburban,1
989,4991,1,3,2,1971,Urban,Poor,Yes,919403,Yes,919403,3,4991,2891,Urban,2
990,2055,1,1,2,1903,Rural,Fair,No,101993,No,101993,1,2055,2891,Rural,2
991,1304,2,3,1,1990,Downtown,Poor,Yes,220458,Yes,220458,3,1304,2891,Downtown,1
992,1779,5,1,2,1999,Downtown,Excellent,Yes,939459,Yes,939459,1,1779,2891,Downtown,2
993,4077,2,2,1,1904,Urban,Fair,No,500281,No,500281,2,4077,2891,Urban,1
994,3401,2,4,2,1996,Rural,Excellent,No,956644,No,956644,4,3401,2891,Rural,2
995,1887,1,3,1,1948,Suburban,Excellent,Yes,528720,Yes,528720,3,1887,2891,Suburban,1
996,3261,2,4,3,1997,Downtown,Excellent,No,556357,No,556357,4,3261,2891,Downtown,3
997,3179,1,4,2,1929,Urban,Poor,Yes,58539,Yes,58539,4,3179,2891,Urban,2
998,2606,5,3,1,1971,Urban,Good,No,182335,No,182335,3,2606,2891,Urban,1
999,4723,4,3,2,2002,Rural,Poor,No,456521,No,456521,3,4723,2891,Rural,2
1000,3268,1,2,2,1962,Rural,Poor,Yes,890249,Yes,890249,2,3268,2891,Rural,2
1001,4453,5,1,2,1946,Downtown,Excellent,No,991902,No,991902,1,4453,2891,Downtown,2
1002,3686,4,1,1,1925,Urban,Fair,No,290310,No,290310,1,3686,2891,Urban,1
1003,3780,3,4,3,1956,Suburban,Good,No,256873,No,256873,4,3780,2891,Suburban,3
1004,3073,1,3,3,1936,Urban,Excellent,Yes,361251,Yes,361251,3,3073,2891,Urban,3
1005,3099,1,2,3,1997,Suburban,Good,No,999656,No,999656,2,3099,2891,Suburban,3
1006,4533,3,2,1,1906,Suburban,Poor,No,536476,No,536476,2,4533,2891,Suburban,1
1007,736,3,2,3,1939,Downtown,Good,Yes,998128,Yes,998128,2,736,2891,Downtown,3
1008,1804,1,2,1,1991,Urban,Good,Yes,965672,Yes,965672,2,1804,2891,Urban,1
1009,3930,3,2,2,1938,Suburban,Fair,No,411799,No,411799,2,3930,2891,Suburban,2
1010,1801,2,1,2,1961,Rural,Excellent,No,630420,No,630420,1,1801,2891,Rural,2
1011,3041,4,1,3,2002,Suburban,Good,No,962133,No,962133,1,3041,2891,Suburban,3
1012,2551,4,1,1,1991,Rural,Good,Yes,155494,Yes,155494,1,2551,2891,Rural,1
1013,941,4,3,2,1977,Rural,Poor,No,889411,No,889411,3,941,2891,Rural,2
1014,2576,2,4,1,1952,Urban,Poor,Yes,894445,Yes,894445,4,2576,2891,Urban,1
1015,3680,3,2,1,2013,Rural,Good,Yes,275997,Yes,275997,2,3680,2891,Rural,1
1016,3157,5,3,2,2001,Suburban,Excellent,No,638085,No,638085,3,3157,2891,Suburban,2
1017,4298,3,2,1,1903,Rural,Good,No,101798,No,101798,2,4298,2891,Rural,1
1018,1304,1,1,2,2005,Urban,Good,Yes,722010,Yes,722010,1,1304,2891,Urban,2
1019,574,4,3,2,1981,Downtown,Fair,No,469230,No,469230,3,574,2891,Downtown,2
1020,2675,3,1,2,2007,Suburban,Excellent,No,650709,No,650709,1,2675,2891,Suburban,2
1021,4424,5,2,1,2011,Suburban,Fair,Yes,319578,Yes,319578,2,4424,2891,Suburban,1
1022,2589,1,2,2,1924,Urban,Excellent,No,866460,No,866460,2,2589,2891,Urban,2
1023,540,2,4,1,1906,Urban,Excellent,Yes,640846,Yes,640846,4,540,2891,Urban,1
1024,2581,2,2,2,2001,Urban,Excellent,No,860763,No,860763,2,2581,2891,Urban,2
1025,2122,5,1,2,1927,Urban,Fair,Yes,117573,Yes,117573,1,2122,2891,Urban,2
1026,841,1,2,3,1968,Suburban,Fair,Yes,703761,Yes,703761,2,841,2891,Suburban,3
1027,4552,4,4,3,1966,Downtown,Fair,No,517508,No,517508,4,4552,2891,Downtown,3
1028,2574,3,4,3,2007,Rural,Poor,Yes,227398,Yes,227398,4,2574,2891,Rural,3
1029,1145,1,1,1,1994,Rural,Fair,Yes,395123,Yes,395123,1,1145,2891,Rural,1
1030,4763,2,3,1,2010,Downtown,Poor,No,840555,No,840555,3,4763,2891,Downtown,1
1031,1109,5,2,2,2005,Downtown,Poor,No,328747,No,328747,2,1109,2891,Downtown,2
1032,954,5,4,2,2021,Downtown,Poor,No,378085,No,378085,4,954,2891,Downtown,2
1033,3453,3,2,2,1919,Urban,Good,Yes,92597,Yes,92597,2,3453,2891,Urban,2
1034,2208,5,2,2,1982,Suburban,Good,Yes,768598,Yes,768598,2,2208,2891,Suburban,2
1035,3972,5,3,1,2011,Suburban,Good,Yes,920670,Yes,920670,3,3972,2891,Suburban,1
1036,3469,1,4,2,2023,Suburban,Poor,No,485935,No,485935,4,3469,2891,Suburban,2
1037,3528,4,2,2,1910,Urban,Poor,Yes,797146,Yes,797146,2,3528,2891,Urban,2
1038,3181,3,4,3,2003,Suburban,Excellent,Yes,353895,Yes,353895,4,3181,2891,Suburban,3
1039,4129,1,1,2,1966,Urban,Poor,No,962894,No,962894,1,4129,2891,Urban,2
1040,4725,4,1,2,1986,Suburban,Good,Yes,136978,Yes,136978,1,4725,2891,Suburban,2
1041,3567,1,2,2,1906,Downtown,Poor,No,329837,No,329837,2,3567,2891,Downtown,2
1042,1886,1,4,1,1922,Rural,Poor,No,532757,No,532757,4,1886,2891,Rural,1
1043,4276,5,2,3,1960,Rural,Excellent,No,218769,No,218769,2,4276,2891,Rural,3
1044,3366,4,4,2,1970,Urban,Poor,Yes,406668,Yes,406668,4,3366,2891,Urban,2
1045,3863,3,4,2,2009,Suburban,Fair,Yes,410013,Yes,410013,4,3863,2891,Suburban,2
1046,4624,3,3,3,1933,Rural,Excellent,Yes,735352,Yes,735352,3,4624,2891,Rural,3
1047,648,4,3,2,2005,Downtown,Poor,No,375969,No,375969,3,648,2891,Downtown,2
1048,4350,5,3,1,1918,Downtown,Poor,No,714882,No,714882,3,4350,2891,Downtown,1
1049,2558,2,2,2,1957,Downtown,Excellent,No,442619,No,442619,2,2558,2891,Downtown,2
1050,1636,1,3,1,1908,Urban,Poor,Yes,881838,Yes,881838,3,1636,2891,Urban,1
1051,686,5,3,1,1947,Urban,Good,Yes,288078,Yes,288078,3,686,2891,Urban,1
1052,3354,4,1,2,2014,Suburban,Fair,Yes,290140,Yes,290140,1,3354,2891,Suburban,2
1053,1750,1,4,3,1981,Downtown,Fair,Yes,717481,Yes,717481,4,1750,2891,Downtown,3
1054,1833,3,4,1,1940,Suburban,Good,Yes,697659,Yes,697659,4,1833,2891,Suburban,1
1055,4693,2,3,3,1947,Suburban,Poor,No,457435,No,457435,3,4693,2891,Suburban,3
1056,4650,3,4,2,1944,Downtown,Poor,Yes,838049,Yes,838049,4,4650,2891,Downtown,2
1057,3211,4,1,1,2005,Suburban,Fair,No,93016,No,93016,1,3211,2891,Suburban,1
1058,2285,1,1,2,1924,Rural,Poor,No,493888,No,493888,1,2285,2891,Rural,2
1059,1250,4,3,3,2015,Urban,Fair,Yes,336420,Yes,336420,3,1250,2891,Urban,3
1060,2262,1,1,2,1977,Suburban,Fair,No,805247,No,805247,1,2262,2891,Suburban,2
1061,4420,5,4,2,2007,Downtown,Good,Yes,384384,Yes,384384,4,4420,2891,Downtown,2
1062,4960,2,2,1,1924,Urban,Fair,Yes,942724,Yes,942724,2,4960,2891,Urban,1
1063,981,5,4,2,1918,Urban,Poor,No,236807,No,236807,4,981,2891,Urban,2
1064,653,5,2,2,1938,Suburban,Poor,Yes,592247,Yes,592247,2,653,2891,Suburban,2
1065,2024,4,3,2,2018,Rural,Excellent,Yes,602810,Yes,602810,3,2024,2891,Rural,2
1066,2620,2,2,1,1978,Suburban,Poor,No,499303,No,499303,2,2620,2891,Suburban,1
1067,2843,1,1,3,1979,Rural,Excellent,No,453169,No,453169,1,2843,2891,Rural,3
1068,1740,1,4,3,1926,Urban,Fair,No,76567,No,76567,4,1740,2891,Urban,3
1069,560,3,2,2,2003,Suburban,Poor,No,503739,No,503739,2,560,2891,Suburban,2
1070,1438,1,4,1,1973,Downtown,Good,No,112708,No,112708,4,1438,2891,Downtown,1
1071,2139,4,3,2,1962,Suburban,Good,No,176206,No,176206,3,2139,2891,Suburban,2
1072,4620,5,3,3,1967,Rural,Good,Yes,596848,Yes,596848,3,4620,2891,Rural,3
1073,4726,5,1,1,2014,Rural,Fair,Yes,632678,Yes,632678,1,4726,2891,Rural,1
1074,4069,5,3,3,1918,Suburban,Fair,Yes,700060,Yes,700060,3,4069,2891,Suburban,3
1075,1752,2,2,3,1927,Rural,Excellent,No,511365,No,511365,2,1752,2891,Rural,3
1076,4703,1,3,1,1984,Urban,Good,Yes,357248,Yes,357248,3,4703,2891,Urban,1
1077,671,4,1,1,2022,Suburban,Excellent,No,632093,No,632093,1,671,2891,Suburban,1
1078,1958,2,4,2,2010,Rural,Excellent,Yes,286109,Yes,286109,4,1958,2891,Rural,2
1079,4049,3,4,2,1977,Suburban,Poor,No,545951,No,545951,4,4049,2891,Suburban,2
1080,4697,4,3,3,1932,Suburban,Poor,Yes,336640,Yes,336640,3,4697,2891,Suburban,3
1081,2822,4,2,1,2011,Downtown,Good,No,788661,No,788661,2,2822,2891,Downtown,1
1082,2136,4,1,1,1909,Suburban,Fair,No,141257,No,141257,1,2136,2891,Suburban,1
1083,3615,5,2,2,1982,Downtown,Poor,No,53515,No,53515,2,3615,2891,Downtown,2
1084,4590,4,1,3,1929,Rural,Fair,No,578742,No,578742,1,4590,2891,Rural,3
1085,3504,1,3,3,1921,Downtown,Excellent,Yes,287145,Yes,287145,3,3504,2891,Downtown,3
1086,829,4,1,2,1902,Downtown,Excellent,Yes,72873,Yes,72873,1,829,2891,Downtown,2
1087,4140,5,1,1,2000,Downtown,Excellent,No,910352,No,910352,1,4140,2891,Downtown,1
1088,4394,4,3,2,2004,Urban,Excellent,No,325871,No,325871,3,4394,2891,Urban,2
1089,4607,3,2,2,1981,Downtown,Good,No,702664,No,702664,2,4607,2891,Downtown,2
1090,1841,3,3,2,1974,Suburban,Excellent,Yes,643358,Yes,643358,3,1841,2891,Suburban,2
1091,4163,5,1,2,1947,Downtown,Poor,No,935491,No,935491,1,4163,2891,Downtown,2
1092,715,1,3,1,1901,Suburban,Excellent,No,698852,No,698852,3,715,2891,Suburban,1
1093,838,1,1,2,1975,Downtown,Fair,Yes,278497,Yes,278497,1,838,2891,Downtown,2
1094,4562,2,3,1,1953,Urban,Poor,No,691501,No,691501,3,4562,2891,Urban,1
1095,3208,5,4,2,1905,Rural,Fair,No,755339,No,755339,4,3208,2891,Rural,2
1096,3652,4,4,3,2006,Downtown,Fair,Yes,599753,Yes,599753,4,3652,2891,Downtown,3
1097,2250,5,3,1,2022,Downtown,Good,No,234972,No,234972,3,2250,2891,Downtown,1
1098,2921,2,2,3,1939,Urban,Good,No,634087,No,634087,2,2921,2891,Urban,3
1099,1209,5,1,2,2007,Downtown,Fair,Yes,560237,Yes,560237,1,1209,2891,Downtown,2
1100,4226,5,4,2,1992,Suburban,Fair,No,670417,No,670417,4,4226,2891,Suburban,2
1101,4142,2,2,2,2022,Downtown,Excellent,Yes,464546,Yes,464546,2,4142,2891,Downtown,2
1102,4493,1,1,1,1993,Downtown,Poor,No,713662,No,713662,1,4493,2891,Downtown,1
1103,988,4,4,3,1901,Rural,Excellent,No,419432,No,419432,4,988,2891,Rural,3
1104,546,2,4,1,1972,Rural,Good,No,293761,No,293761,4,546,2891,Rural,1
1105,3859,3,3,1,2010,Downtown,Good,No,292821,No,292821,3,3859,2891,Downtown,1
1106,900,1,1,2,1901,Urban,Excellent,No,62875,No,62875,1,900,2891,Urban,2
1107,4490,3,2,3,1992,Rural,Poor,Yes,601507,Yes,601507,2,4490,2891,Rural,3
1108,3657,1,2,2,1996,Downtown,Fair,No,872614,No,872614,2,3657,2891,Downtown,2
1109,4845,4,2,1,1973,Rural,Excellent,No,785901,No,785901,2,4845,2891,Rural,1
1110,890,4,1,2,1997,Downtown,Good,Yes,485485,Yes,485485,1,890,2891,Downtown,2
1111,4353,5,2,3,2007,Rural,Poor,Yes,391925,Yes,391925,2,4353,2891,Rural,3
1112,4930,3,2,2,1954,Rural,Good,No,56457,No,56457,2,4930,2891,Rural,2
1113,1128,1,2,3,1971,Suburban,Poor,Yes,974253,Yes,974253,2,1128,2891,Suburban,3
1114,4732,4,3,3,2000,Downtown,Poor,No,83064,No,83064,3,4732,2891,Downtown,3
1115,3430,2,3,2,2017,Downtown,Poor,Yes,977325,Yes,977325,3,3430,2891,Downtown,2
1116,2021,4,1,1,1959,Downtown,Excellent,Yes,689544,Yes,689544,1,2021,2891,Downtown,1
1117,1326,2,1,2,1996,Downtown,Excellent,No,934729,No,934729,1,1326,2891,Downtown,2
1118,2000,1,2,1,2010,Rural,Excellent,Yes,808947,Yes,808947,2,2000,2891,Rural,1
1119,3794,4,3,1,1905,Suburban,Poor,No,259727,No,259727,3,3794,2891,Suburban,1
1120,2919,4,4,2,2007,Suburban,Poor,Yes,975168,Yes,975168,4,2919,2891,Suburban,2
1121,1434,1,4,1,2003,Urban,Good,Yes,210353,Yes,210353,4,1434,2891,Urban,1
1122,3542,4,2,1,2008,Downtown,Fair,Yes,832351,Yes,832351,2,3542,2891,Downtown,1
1123,4997,2,2,2,1918,Urban,Excellent,No,286887,No,286887,2,4997,2891,Urban,2
1124,1966,4,3,2,1995,Rural,Poor,No,475037,No,475037,3,1966,2891,Rural,2
1125,4061,3,3,2,1926,Urban,Good,Yes,809129,Yes,809129,3,4061,2891,Urban,2
1126,1114,5,3,1,1900,Downtown,Good,No,992151,No,992151,3,1114,2891,Downtown,1
1127,1682,2,1,3,2006,Suburban,Good,No,644206,No,644206,1,1682,2891,Suburban,3
1128,3723,3,1,1,2015,Suburban,Excellent,No,263057,No,263057,1,3723,2891,Suburban,1
1129,3167,1,2,3,1932,Downtown,Excellent,Yes,526015,Yes,526015,2,3167,2891,Downtown,3
1130,630,2,1,2,1939,Rural,Fair,No,926611,No,926611,1,630,2891,Rural,2
1131,3483,5,3,3,1931,Downtown,Good,Yes,387088,Yes,387088,3,3483,2891,Downtown,3
1132,4778,5,3,2,1968,Rural,Excellent,Yes,139142,Yes,139142,3,4778,2891,Rural,2
1133,4959,1,1,2,1916,Suburban,Good,Yes,77603,Yes,77603,1,4959,2891,Suburban,2
1134,538,1,4,3,1907,Rural,Poor,Yes,882890,Yes,882890,4,538,2891,Rural,3
1135,4459,2,2,2,1956,Downtown,Good,Yes,120605,Yes,120605,2,4459,2891,Downtown,2
1136,4087,4,4,3,1941,Downtown,Fair,No,331767,No,331767,4,4087,2891,Downtown,3
1137,1420,1,2,2,1997,Downtown,Excellent,No,618728,No,618728,2,1420,2891,Downtown,2
1138,3269,4,4,1,1908,Rural,Poor,Yes,918859,Yes,918859,4,3269,2891,Rural,1
1139,4611,3,1,1,2019,Rural,Excellent,No,975208,No,975208,1,4611,2891,Rural,1
1140,992,5,2,2,1986,Rural,Poor,No,405970,No,405970,2,992,2891,Rural,2
1141,1631,4,2,2,1934,Suburban,Good,No,339604,No,339604,2,1631,2891,Suburban,2
1142,4021,5,2,3,2013,Urban,Good,No,264117,No,264117,2,4021,2891,Urban,3
1143,810,4,3,1,1970,Urban,Fair,No,788165,No,788165,3,810,2891,Urban,1
1144,1238,3,3,3,1978,Downtown,Fair,No,516727,No,516727,3,1238,2891,Downtown,3
1145,3741,1,4,2,1952,Suburban,Poor,No,160373,No,160373,4,3741,2891,Suburban,2
1146,1045,3,1,2,1953,Rural,Fair,Yes,974069,Yes,974069,1,1045,2891,Rural,2
1147,2961,1,3,3,1983,Downtown,Fair,Yes,317014,Yes,317014,3,2961,2891,Downtown,3
1148,4846,1,2,2,2013,Suburban,Fair,Yes,68909,Yes,68909,2,4846,2891,Suburban,2
1149,2304,5,3,1,1924,Downtown,Fair,No,321261,No,321261,3,2304,2891,Downtown,1
1150,3712,3,1,3,1966,Suburban,Good,No,299975,No,299975,1,3712,2891,Suburban,3
1151,4310,4,3,1,2023,Suburban,Fair,Yes,903906,Yes,903906,3,4310,2891,Suburban,1
1152,1313,3,2,1,1961,Urban,Good,No,668214,No,668214,2,1313,2891,Urban,1
1153,4624,5,4,1,1954,Downtown,Good,No,487538,No,487538,4,4624,2891,Downtown,1
1154,2532,1,2,3,1945,Rural,Excellent,Yes,177463,Yes,177463,2,2532,2891,Rural,3
1155,4913,5,1,2,1923,Urban,Good,Yes,151536,Yes,151536,1,4913,2891,Urban,2
1156,744,2,4,1,1997,Urban,Good,Yes,856560,Yes,856560,4,744,2891,Urban,1
1157,771,2,3,1,1945,Rural,Fair,No,301981,No,301981,3,771,2891,Rural,1
1158,4011,4,3,1,1921,Suburban,Good,No,540533,No,540533,3,4011,2891,Suburban,1
1159,2271,5,3,2,1910,Rural,Poor,No,381145,No,381145,3,2271,2891,Rural,2
1160,1762,4,4,2,1947,Downtown,Fair,Yes,836872,Yes,836872,4,1762,2891,Downtown,2
1161,2924,4,2,3,1907,Rural,Fair,Yes,230685,Yes,230685,2,2924,2891,Rural,3
1162,4861,2,4,2,1938,Suburban,Fair,No,697779,No,697779,4,4861,2891,Suburban,2
1163,1420,4,4,3,2006,Rural,Excellent,Yes,979167,Yes,979167,4,1420,2891,Rural,3
1164,3930,2,1,3,1934,Suburban,Fair,Yes,547275,Yes,547275,1,3930,2891,Suburban,3
1165,4935,1,4,3,1948,Suburban,Good,No,200619,No,200619,4,4935,2891,Suburban,3
1166,4984,5,3,3,1945,Downtown,Poor,Yes,655950,Yes,655950,3,4984,2891,Downtown,3
1167,3124,4,2,3,1937,Rural,Fair,Yes,810416,Yes,810416,2,3124,2891,Rural,3
1168,4260,2,2,1,1907,Rural,Fair,Yes,50005,Yes,50005,2,4260,2891,Rural,1
1169,2550,3,2,2,1953,Downtown,Poor,No,284152,No,284152,2,2550,2891,Downtown,2
1170,4000,4,3,1,1936,Suburban,Fair,No,319182,No,319182,3,4000,2891,Suburban,1
1171,1665,1,3,3,1990,Rural,Excellent,Yes,842846,Yes,842846,3,1665,2891,Rural,3
1172,875,1,3,2,1991,Downtown,Good,No,530875,No,530875,3,875,2891,Downtown,2
1173,2533,3,3,1,1939,Suburban,Poor,No,905938,No,905938,3,2533,2891,Suburban,1
1174,645,2,3,1,1933,Downtown,Poor,No,913018,No,913018,3,645,2891,Downtown,1
1175,4888,4,4,3,1995,Rural,Excellent,Yes,445822,Yes,445822,4,4888,2891,Rural,3
1176,931,2,3,1,1978,Downtown,Good,No,852914,No,852914,3,931,2891,Downtown,1
1177,1204,1,3,1,2007,Urban,Excellent,Yes,804189,Yes,804189,3,1204,2891,Urban,1
1178,3132,2,3,1,1916,Suburban,Good,Yes,252945,Yes,252945,3,3132,2891,Suburban,1
1179,4994,1,3,1,1932,Urban,Excellent,No,608236,No,608236,3,4994,2891,Urban,1
1180,1463,2,2,1,1946,Urban,Fair,Yes,402131,Yes,402131,2,1463,2891,Urban,1
1181,2734,3,3,3,2009,Suburban,Excellent,No,272873,No,272873,3,2734,2891,Suburban,3
1182,2541,5,4,3,1951,Suburban,Poor,No,272322,No,272322,4,2541,2891,Suburban,3
1183,2328,3,4,1,2017,Downtown,Poor,Yes,70875,Yes,70875,4,2328,2891,Downtown,1
1184,2608,3,4,3,1979,Suburban,Poor,Yes,325201,Yes,325201,4,2608,2891,Suburban,3
1185,4568,5,1,3,1992,Urban,Excellent,No,82400,No,82400,1,4568,2891,Urban,3
1186,1438,5,2,2,1908,Urban,Poor,No,514674,No,514674,2,1438,2891,Urban,2
1187,1306,4,3,1,1932,Rural,Poor,No,118607,No,118607,3,1306,2891,Rural,1
1188,1963,4,1,3,1959,Suburban,Fair,No,923993,No,923993,1,1963,2891,Suburban,3
1189,3915,3,3,3,2012,Urban,Fair,Yes,339647,Yes,339647,3,3915,2891,Urban,3
1190,510,3,1,1,1992,Rural,Good,Yes,466981,Yes,466981,1,510,2891,Rural,1
1191,2368,1,1,2,1976,Rural,Good,Yes,151096,Yes,151096,1,2368,2891,Rural,2
1192,1384,1,4,1,1920,Downtown,Good,No,620900,No,620900,4,1384,2891,Downtown,1
1193,4064,4,4,2,1957,Urban,Excellent,Yes,934750,Yes,934750,4,4064,2891,Urban,2
1194,1889,4,1,1,1984,Downtown,Good,Yes,311538,Yes,311538,1,1889,2891,Downtown,1
1195,3901,1,4,1,1968,Urban,Excellent,Yes,134335,Yes,134335,4,3901,2891,Urban,1
1196,4821,1,1,1,1909,Downtown,Excellent,Yes,413133,Yes,413133,1,4821,2891,Downtown,1
1197,1324,2,2,1,1905,Downtown,Good,No,667300,No,667300,2,1324,2891,Downtown,1
1198,2765,2,4,2,2019,Suburban,Good,Yes,131748,Yes,131748,4,2765,2891,Suburban,2
1199,1436,1,4,2,2014,Downtown,Excellent,Yes,976932,Yes,976932,4,1436,2891,Downtown,2
1200,3300,2,4,3,2020,Suburban,Fair,Yes,736779,Yes,736779,4,3300,2891,Suburban,3
1201,3053,5,2,1,1912,Rural,Poor,Yes,115195,Yes,115195,2,3053,2891,Rural,1
1202,4345,4,1,2,1964,Urban,Poor,No,779055,No,779055,1,4345,2891,Urban,2
1203,2296,4,3,2,1919,Rural,Poor,No,664134,No,664134,3,2296,2891,Rural,2
1204,553,1,4,2,1956,Urban,Fair,Yes,676692,Yes,676692,4,553,2891,Urban,2
1205,1226,3,1,1,2010,Rural,Excellent,No,351286,No,351286,1,1226,2891,Rural,1
1206,3236,1,2,3,1945,Urban,Good,No,835608,No,835608,2,3236,2891,Urban,3
1207,3670,2,3,2,1907,Downtown,Excellent,No,121540,No,121540,3,3670,2891,Downtown,2
1208,2413,3,4,1,1909,Urban,Excellent,No,743649,No,743649,4,2413,2891,Urban,1
1209,2096,2,2,2,1972,Urban,Good,Yes,389092,Yes,389092,2,2096,2891,Urban,2
1210,2414,5,2,2,2012,Rural,Fair,No,895383,No,895383,2,2414,2891,Rural,2
1211,2966,2,3,3,2004,Rural,Poor,No,61755,No,61755,3,2966,2891,Rural,3
1212,3237,5,1,2,1966,Rural,Poor,Yes,827203,Yes,827203,1,3237,2891,Rural,2
1213,1349,5,4,2,1910,Suburban,Excellent,Yes,430129,Yes,430129,4,1349,2891,Suburban,2
1214,2609,2,4,1,1911,Suburban,Fair,Yes,658841,Yes,658841,4,2609,2891,Suburban,1
1215,502,2,1,1,1909,Urban,Poor,Yes,184962,Yes,184962,1,502,2891,Urban,1
1216,4755,5,1,3,1924,Urban,Fair,No,930808,No,930808,1,4755,2891,Urban,3
1217,4569,3,1,1,1948,Downtown,Good,Yes,306760,Yes,306760,1,4569,2891,Downtown,1
1218,1392,5,3,1,1948,Downtown,Excellent,No,67175,No,67175,3,1392,2891,Downtown,1
1219,2530,4,3,3,1988,Urban,Excellent,No,902119,No,902119,3,2530,2891,Urban,3
1220,3660,5,4,2,1910,Suburban,Fair,Yes,921415,Yes,921415,4,3660,2891,Suburban,2
1221,2876,3,3,3,1961,Urban,Poor,Yes,531503,Yes,531503,3,2876,2891,Urban,3
1222,2433,4,2,1,2017,Downtown,Fair,No,800071,No,800071,2,2433,2891,Downtown,1
1223,1880,1,4,3,1935,Suburban,Good,No,729648,No,729648,4,1880,2891,Suburban,3
1224,4181,1,3,2,1938,Suburban,Poor,Yes,96629,Yes,96629,3,4181,2891,Suburban,2
1225,1790,3,1,3,1952,Downtown,Poor,Yes,691067,Yes,691067,1,1790,2891,Downtown,3
1226,2140,5,2,1,1989,Urban,Fair,Yes,228872,Yes,228872,2,2140,2891,Urban,1
1227,3182,2,1,1,1977,Rural,Good,No,742727,No,742727,1,3182,2891,Rural,1
1228,1487,3,4,3,2002,Urban,Poor,No,520970,No,520970,4,1487,2891,Urban,3
1229,1718,4,1,2,1955,Urban,Excellent,Yes,380657,Yes,380657,1,1718,2891,Urban,2
1230,1855,4,3,3,2003,Downtown,Good,No,657050,No,657050,3,1855,2891,Downtown,3
1231,4765,1,3,2,1900,Suburban,Poor,Yes,210094,Yes,210094,3,4765,2891,Suburban,2
1232,4635,4,4,2,1955,Downtown,Fair,No,774689,No,774689,4,4635,2891,Downtown,2
1233,2060,3,1,3,2017,Urban,Poor,No,969163,No,969163,1,2060,2891,Urban,3
1234,1918,4,4,2,1903,Rural,Excellent,Yes,107941,Yes,107941,4,1918,2891,Rural,2
1235,1454,3,1,1,1929,Rural,Good,Yes,355617,Yes,355617,1,1454,2891,Rural,1
1236,1483,2,2,3,1911,Rural,Poor,Yes,760958,Yes,760958,2,1483,2891,Rural,3
1237,1474,1,3,2,2019,Downtown,Excellent,No,66040,No,66040,3,1474,2891,Downtown,2
1238,4633,4,4,1,1934,Suburban,Poor,No,119806,No,119806,4,4633,2891,Suburban,1
1239,4472,3,2,3,1976,Downtown,Poor,Yes,718646,Yes,718646,2,4472,2891,Downtown,3
1240,1413,5,2,1,1951,Rural,Good,No,250211,No,250211,2,1413,2891,Rural,1
1241,536,1,4,1,1930,Urban,Fair,Yes,686364,Yes,686364,4,536,2891,Urban,1
1242,3887,2,4,1,2001,Suburban,Fair,No,105916,No,105916,4,3887,2891,Suburban,1
1243,2211,3,2,2,2006,Downtown,Excellent,Yes,722960,Yes,722960,2,2211,2891,Downtown,2
1244,3520,2,1,3,1986,Downtown,Excellent,No,445507,No,445507,1,3520,2891,Downtown,3
1245,1295,2,2,3,1967,Suburban,Excellent,No,456339,No,456339,2,1295,2891,Suburban,3
1246,4536,4,4,2,1951,Suburban,Good,No,840243,No,840243,4,4536,2891,Suburban,2
1247,3611,4,2,3,1979,Urban,Fair,No,605564,No,605564,2,3611,2891,Urban,3
1248,1824,3,1,1,1906,Suburban,Excellent,Yes,235217,Yes,235217,1,1824,2891,Suburban,1
1249,817,5,3,3,1921,Urban,Excellent,No,917481,No,917481,3,817,2891,Urban,3
1250,2896,3,3,2,1992,Rural,Poor,Yes,251750,Yes,251750,3,2896,2891,Rural,2
1251,2662,5,2,1,1974,Rural,Poor,Yes,269854,Yes,269854,2,2662,2891,Rural,1
1252,3245,2,1,2,1955,Downtown,Excellent,Yes,796403,Yes,796403,1,3245,2891,Downtown,2
1253,2091,1,3,1,1996,Rural,Poor,Yes,994218,Yes,994218,3,2091,2891,Rural,1
1254,3611,3,2,1,1957,Rural,Poor,No,761045,No,761045,2,3611,2891,Rural,1
1255,4430,3,2,3,1992,Urban,Poor,Yes,717554,Yes,717554,2,4430,2891,Urban,3
1256,2496,5,1,1,1963,Downtown,Good,No,385206,No,385206,1,2496,2891,Downtown,1
1257,1812,2,4,2,2022,Suburban,Excellent,No,200434,No,200434,4,1812,2891,Suburban,2
1258,1785,2,2,3,2002,Downtown,Excellent,No,890931,No,890931,2,1785,2891,Downtown,3
1259,4811,5,4,2,1911,Rural,Poor,No,620569,No,620569,4,4811,2891,Rural,2
1260,2883,2,4,1,1906,Suburban,Good,Yes,881284,Yes,881284,4,2883,2891,Suburban,1
1261,3739,4,3,2,2022,Downtown,Poor,No,836408,No,836408,3,3739,2891,Downtown,2
1262,2639,1,4,2,1954,Downtown,Good,Yes,827981,Yes,827981,4,2639,2891,Downtown,2
1263,2204,3,1,1,2002,Downtown,Excellent,No,554869,No,554869,1,2204,2891,Downtown,1
1264,862,1,3,3,2005,Downtown,Poor,No,753196,No,753196,3,862,2891,Downtown,3
1265,3104,3,3,2,1961,Urban,Excellent,Yes,578883,Yes,578883,3,3104,2891,Urban,2
1266,2216,4,3,1,2011,Downtown,Good,No,670218,No,670218,3,2216,2891,Downtown,1
1267,4951,2,2,3,1989,Rural,Fair,No,196474,No,196474,2,4951,2891,Rural,3
1268,4786,5,2,3,2003,Rural,Good,No,311745,No,311745,2,4786,2891,Rural,3
1269,4238,4,4,3,1972,Urban,Fair,No,770643,No,770643,4,4238,2891,Urban,3
1270,2969,1,3,2,2004,Suburban,Excellent,No,404820,No,404820,3,2969,2891,Suburban,2
1271,1056,5,3,2,1997,Suburban,Excellent,Yes,748083,Yes,748083,3,1056,2891,Suburban,2
1272,1325,2,1,2,2008,Rural,Poor,No,232394,No,232394,1,1325,2891,Rural,2
1273,3308,4,4,3,1976,Rural,Fair,No,752124,No,752124,4,3308,2891,Rural,3
1274,3219,5,1,2,1954,Urban,Good,Yes,468127,Yes,468127,1,3219,2891,Urban,2
1275,4008,4,4,1,2018,Suburban,Excellent,No,796648,No,796648,4,4008,2891,Suburban,1
1276,4241,4,4,2,1935,Suburban,Fair,Yes,855837,Yes,855837,4,4241,2891,Suburban,2
1277,2074,2,2,2,1988,Downtown,Good,No,108122,No,108122,2,2074,2891,Downtown,2
1278,4498,3,2,3,1923,Downtown,Fair,No,804849,No,804849,2,4498,2891,Downtown,3
1279,2629,5,1,2,1943,Downtown,Good,Yes,282661,Yes,282661,1,2629,2891,Downtown,2
1280,2903,2,4,1,1916,Urban,Good,No,703197,No,703197,4,2903,2891,Urban,1
1281,3829,4,3,3,1901,Rural,Good,No,315591,No,315591,3,3829,2891,Rural,3
1282,1088,2,2,1,1912,Urban,Good,Yes,234215,Yes,234215,2,1088,2891,Urban,1
1283,2512,3,3,3,1930,Suburban,Fair,Yes,60662,Yes,60662,3,2512,2891,Suburban,3
1284,2047,5,1,3,1992,Rural,Fair,No,506217,No,506217,1,2047,2891,Rural,3
1285,794,3,2,2,2013,Downtown,Poor,Yes,632570,Yes,632570,2,794,2891,Downtown,2
1286,2485,1,2,1,1927,Urban,Fair,No,448115,No,448115,2,2485,2891,Urban,1
1287,3617,5,4,3,1959,Urban,Fair,Yes,865014,Yes,865014,4,3617,2891,Urban,3
1288,2190,3,1,2,1926,Downtown,Poor,No,641759,No,641759,1,2190,2891,Downtown,2
1289,1636,4,4,3,1914,Urban,Fair,Yes,697801,Yes,697801,4,1636,2891,Urban,3
1290,2564,5,2,3,1994,Downtown,Good,Yes,223285,Yes,223285,2,2564,2891,Downtown,3
1291,4955,5,1,3,2003,Suburban,Excellent,Yes,681866,Yes,681866,1,4955,2891,Suburban,3
1292,1507,2,2,3,1978,Rural,Excellent,Yes,912303,Yes,912303,2,1507,2891,Rural,3
1293,3014,4,1,3,1932,Suburban,Poor,Yes,657493,Yes,657493,1,3014,2891,Suburban,3
1294,4026,1,2,3,1919,Suburban,Fair,Yes,910513,Yes,910513,2,4026,2891,Suburban,3
1295,1747,3,3,2,1941,Downtown,Fair,Yes,942215,Yes,942215,3,1747,2891,Downtown,2
1296,4402,2,3,3,1911,Urban,Poor,Yes,284631,Yes,284631,3,4402,2891,Urban,3
1297,1935,3,4,1,2000,Suburban,Excellent,Yes,133805,Yes,133805,4,1935,2891,Suburban,1
1298,1071,1,3,2,1972,Suburban,Good,No,174698,No,174698,3,1071,2891,Suburban,2
1299,2882,1,2,1,1922,Suburban,Fair,Yes,218902,Yes,218902,2,2882,2891,Suburban,1
1300,1745,5,2,3,1971,Urban,Poor,No,974570,No,974570,2,1745,2891,Urban,3
1301,2584,1,3,1,1995,Urban,Good,Yes,60712,Yes,60712,3,2584,2891,Urban,1
1302,777,3,4,3,2011,Downtown,Poor,No,393671,No,393671,4,777,2891,Downtown,3
1303,2387,4,3,3,1913,Suburban,Poor,No,965885,No,965885,3,2387,2891,Suburban,3
1304,1765,4,1,2,1990,Rural,Poor,Yes,701176,Yes,701176,1,1765,2891,Rural,2
1305,1540,5,1,2,1924,Urban,Excellent,Yes,806686,Yes,806686,1,1540,2891,Urban,2
1306,1417,3,1,3,1976,Downtown,Excellent,No,568680,No,568680,1,1417,2891,Downtown,3
1307,1385,3,3,2,2018,Suburban,Poor,No,246437,No,246437,3,1385,2891,Suburban,2
1308,3252,1,3,1,1984,Rural,Fair,Yes,661473,Yes,661473,3,3252,2891,Rural,1
1309,521,3,3,2,2008,Urban,Good,Yes,411995,Yes,411995,3,521,2891,Urban,2
1310,3691,2,1,2,1930,Rural,Fair,Yes,474022,Yes,474022,1,3691,2891,Rural,2
1311,2853,1,4,1,2000,Urban,Excellent,No,586498,No,586498,4,2853,2891,Urban,1
1312,1186,2,2,2,2011,Downtown,Good,Yes,86972,Yes,86972,2,1186,2891,Downtown,2
1313,784,5,3,3,2021,Rural,Poor,Yes,811254,Yes,811254,3,784,2891,Rural,3
1314,4247,4,4,1,2006,Suburban,Fair,Yes,346280,Yes,346280,4,4247,2891,Suburban,1
1315,1262,5,2,3,1953,Suburban,Fair,Yes,487513,Yes,487513,2,1262,2891,Suburban,3
1316,2928,4,2,1,1904,Urban,Poor,Yes,952877,Yes,952877,2,2928,2891,Urban,1
1317,3007,5,2,3,1912,Suburban,Fair,No,852377,No,852377,2,3007,2891,Suburban,3
1318,528,3,4,3,1927,Rural,Excellent,No,800561,No,800561,4,528,2891,Rural,3
1319,1406,2,4,2,1942,Downtown,Poor,Yes,391324,Yes,391324,4,1406,2891,Downtown,2
1320,3604,4,1,3,1988,Urban,Fair,Yes,382597,Yes,382597,1,3604,2891,Urban,3
1321,4499,1,4,2,2014,Rural,Poor,No,921836,No,921836,4,4499,2891,Rural,2
1322,3494,2,4,1,1998,Urban,Good,Yes,980728,Yes,980728,4,3494,2891,Urban,1
1323,3006,1,4,3,1946,Downtown,Poor,No,53052,No,53052,4,3006,2891,Downtown,3
1324,4109,2,2,3,2002,Urban,Fair,Yes,339416,Yes,339416,2,4109,2891,Urban,3
1325,4053,2,3,1,1970,Suburban,Excellent,No,353294,No,353294,3,4053,2891,Suburban,1
1326,1953,5,1,1,1937,Suburban,Poor,No,801564,No,801564,1,1953,2891,Suburban,1
1327,3856,4,3,3,1995,Urban,Poor,Yes,198388,Yes,198388,3,3856,2891,Urban,3
1328,1015,4,3,1,1966,Downtown,Fair,No,496605,No,496605,3,1015,2891,Downtown,1
1329,538,2,4,2,1961,Downtown,Excellent,Yes,712600,Yes,712600,4,538,2891,Downtown,2
1330,3842,3,1,1,2008,Suburban,Excellent,No,933527,No,933527,1,3842,2891,Suburban,1
1331,1386,3,3,1,1938,Downtown,Good,Yes,380918,Yes,380918,3,1386,2891,Downtown,1
1332,3344,1,3,3,1936,Urban,Good,Yes,879607,Yes,879607,3,3344,2891,Urban,3
1333,2704,1,1,2,2018,Rural,Fair,Yes,443781,Yes,443781,1,2704,2891,Rural,2
1334,1598,5,4,1,2013,Urban,Excellent,No,66375,No,66375,4,1598,2891,Urban,1
1335,2323,2,3,2,1985,Suburban,Excellent,Yes,599998,Yes,599998,3,2323,2891,Suburban,2
1336,3701,1,2,2,1907,Suburban,Good,Yes,755255,Yes,755255,2,3701,2891,Suburban,2
1337,3655,1,3,2,1980,Suburban,Good,Yes,828912,Yes,828912,3,3655,2891,Suburban,2
1338,3593,2,2,3,1951,Downtown,Fair,No,720534,No,720534,2,3593,2891,Downtown,3
1339,4030,5,4,1,1990,Urban,Excellent,Yes,419170,Yes,419170,4,4030,2891,Urban,1
1340,4278,1,3,3,1932,Rural,Poor,No,530545,No,530545,3,4278,2891,Rural,3
1341,3396,5,1,1,2009,Urban,Good,No,77597,No,77597,1,3396,2891,Urban,1
1342,3953,4,1,1,1980,Rural,Fair,No,386433,No,386433,1,3953,2891,Rural,1
1343,4011,5,3,3,1941,Urban,Excellent,Yes,481613,Yes,481613,3,4011,2891,Urban,3
1344,1488,3,4,2,1975,Suburban,Excellent,Yes,135687,Yes,135687,4,1488,2891,Suburban,2
1345,4616,3,4,2,2011,Rural,Good,No,168968,No,168968,4,4616,2891,Rural,2
1346,4526,5,1,1,2009,Urban,Fair,Yes,614562,Yes,614562,1,4526,2891,Urban,1
1347,4679,3,3,3,1926,Downtown,Poor,Yes,517453,Yes,517453,3,4679,2891,Downtown,3
1348,2182,4,4,2,2011,Downtown,Good,No,253570,No,253570,4,2182,2891,Downtown,2
1349,4463,2,1,2,1907,Urban,Fair,No,481413,No,481413,1,4463,2891,Urban,2
1350,1433,3,2,1,1922,Suburban,Excellent,Yes,622922,Yes,622922,2,1433,2891,Suburban,1
1351,4098,3,3,1,2023,Rural,Poor,No,866473,No,866473,3,4098,2891,Rural,1
1352,3733,5,2,3,2005,Urban,Fair,Yes,974752,Yes,974752,2,3733,2891,Urban,3
1353,2480,4,2,1,2012,Downtown,Poor,No,397509,No,397509,2,2480,2891,Downtown,1
1354,2355,2,4,2,1963,Rural,Fair,Yes,969707,Yes,969707,4,2355,2891,Rural,2
1355,3556,5,4,2,2022,Downtown,Fair,Yes,888418,Yes,888418,4,3556,2891,Downtown,2
1356,1292,5,4,2,1992,Downtown,Fair,No,861802,No,861802,4,1292,2891,Downtown,2
1357,1291,4,3,2,2013,Urban,Fair,Yes,347391,Yes,347391,3,1291,2891,Urban,2
1358,2309,2,2,3,1919,Downtown,Poor,Yes,960835,Yes,960835,2,2309,2891,Downtown,3
1359,2755,4,3,3,1915,Rural,Good,No,431688,No,431688,3,2755,2891,Rural,3
1360,4110,2,4,1,1916,Suburban,Poor,Yes,256994,Yes,256994,4,4110,2891,Suburban,1
1361,2107,4,2,1,1979,Urban,Fair,Yes,830768,Yes,830768,2,2107,2891,Urban,1
1362,1484,5,3,1,1918,Rural,Poor,Yes,443650,Yes,443650,3,1484,2891,Rural,1
1363,4176,5,3,3,2019,Urban,Poor,No,637270,No,637270,3,4176,2891,Urban,3
1364,3880,1,1,2,2019,Downtown,Poor,No,901612,No,901612,1,3880,2891,Downtown,2
1365,1019,3,3,1,1907,Downtown,Fair,No,682822,No,682822,3,1019,2891,Downtown,1
1366,1090,4,4,2,1937,Rural,Poor,No,739834,No,739834,4,1090,2891,Rural,2
1367,1550,1,3,1,1937,Rural,Excellent,No,336788,No,336788,3,1550,2891,Rural,1
1368,4133,3,2,1,1952,Suburban,Fair,Yes,612781,Yes,612781,2,4133,2891,Suburban,1
1369,4944,4,3,1,1992,Rural,Poor,Yes,395968,Yes,395968,3,4944,2891,Rural,1
1370,1459,2,1,1,2004,Rural,Excellent,Yes,564922,Yes,564922,1,1459,2891,Rural,1
1371,1192,3,2,1,1999,Urban,Poor,No,971463,No,971463,2,1192,2891,Urban,1
1372,4399,5,2,2,1989,Downtown,Good,Yes,883721,Yes,883721,2,4399,2891,Downtown,2
1373,4973,1,1,1,1930,Rural,Poor,No,978647,No,978647,1,4973,2891,Rural,1
1374,3446,3,4,2,1943,Suburban,Poor,Yes,482809,Yes,482809,4,3446,2891,Suburban,2
1375,1026,3,2,3,1959,Rural,Good,No,482331,No,482331,2,1026,2891,Rural,3
1376,3724,5,4,1,1975,Downtown,Fair,Yes,816505,Yes,816505,4,3724,2891,Downtown,1
1377,2753,4,2,2,2018,Rural,Good,Yes,727900,Yes,727900,2,2753,2891,Rural,2
1378,3844,2,2,3,1916,Urban,Fair,No,347625,No,347625,2,3844,2891,Urban,3
1379,4465,5,4,3,1978,Downtown,Good,Yes,276577,Yes,276577,4,4465,2891,Downtown,3
1380,2375,2,2,3,1972,Rural,Poor,Yes,651385,Yes,651385,2,2375,2891,Rural,3
1381,2263,4,4,2,1938,Urban,Poor,No,859010,No,859010,4,2263,2891,Urban,2
1382,1020,3,1,1,1941,Downtown,Fair,Yes,980291,Yes,980291,1,1020,2891,Downtown,1
1383,1516,2,4,1,1947,Rural,Fair,Yes,384192,Yes,384192,4,1516,2891,Rural,1
1384,616,1,1,2,1911,Urban,Excellent,No,564771,No,564771,1,616,2891,Urban,2
1385,2933,1,2,1,1995,Suburban,Excellent,No,233951,No,233951,2,2933,2891,Suburban,1
1386,1083,5,4,2,1988,Urban,Poor,No,191668,No,191668,4,1083,2891,Urban,2
1387,894,4,2,1,2002,Suburban,Poor,No,503885,No,503885,2,894,2891,Suburban,1
1388,4288,5,4,3,1917,Rural,Excellent,No,463146,No,463146,4,4288,2891,Rural,3
1389,3268,5,1,1,1978,Urban,Excellent,Yes,229022,Yes,229022,1,3268,2891,Urban,1
1390,4667,5,1,2,1995,Suburban,Fair,No,932169,No,932169,1,4667,2891,Suburban,2
1391,4360,1,4,2,1905,Downtown,Good,No,330831,No,330831,4,4360,2891,Downtown,2
1392,773,1,1,3,2021,Urban,Fair,Yes,496049,Yes,496049,1,773,2891,Urban,3
1393,2513,5,2,2,2007,Rural,Excellent,Yes,172540,Yes,172540,2,2513,2891,Rural,2
1394,4933,1,2,1,1942,Downtown,Poor,Yes,741349,Yes,741349,2,4933,2891,Downtown,1
1395,1889,4,3,1,2015,Suburban,Excellent,Yes,866615,Yes,866615,3,1889,2891,Suburban,1
1396,4066,5,1,3,1934,Urban,Poor,Yes,332902,Yes,332902,1,4066,2891,Urban,3
1397,665,1,2,2,1997,Urban,Poor,No,706442,No,706442,2,665,2891,Urban,2
1398,2067,2,4,3,2001,Rural,Poor,Yes,812301,Yes,812301,4,2067,2891,Rural,3
1399,1228,5,1,1,2019,Downtown,Poor,No,670656,No,670656,1,1228,2891,Downtown,1
1400,2543,5,2,3,1953,Urban,Good,Yes,620179,Yes,620179,2,2543,2891,Urban,3
1401,4697,4,1,2,2020,Urban,Excellent,No,96901,No,96901,1,4697,2891,Urban,2
1402,3996,3,4,3,1961,Downtown,Fair,Yes,526728,Yes,526728,4,3996,2891,Downtown,3
1403,1278,3,2,2,1968,Urban,Poor,No,416056,No,416056,2,1278,2891,Urban,2
1404,713,4,3,2,1981,Downtown,Poor,No,645350,No,645350,3,713,2891,Downtown,2
1405,4262,4,3,1,1915,Downtown,Fair,No,539838,No,539838,3,4262,2891,Downtown,1
1406,2076,4,1,1,1907,Downtown,Fair,No,726923,No,726923,1,2076,2891,Downtown,1
1407,2948,3,4,1,1988,Rural,Poor,No,908440,No,908440,4,2948,2891,Rural,1
1408,3436,4,2,2,1995,Downtown,Fair,No,445991,No,445991,2,3436,2891,Downtown,2
1409,3617,1,4,3,1989,Downtown,Fair,No,983332,No,983332,4,3617,2891,Downtown,3
1410,1091,5,2,2,2015,Suburban,Good,No,553528,No,553528,2,1091,2891,Suburban,2
1411,3220,5,1,1,1985,Suburban,Fair,No,569149,No,569149,1,3220,2891,Suburban,1
1412,1213,2,2,1,1930,Rural,Excellent,No,854406,No,854406,2,1213,2891,Rural,1
1413,1435,2,4,3,2006,Downtown,Excellent,Yes,727748,Yes,727748,4,1435,2891,Downtown,3
1414,4837,5,4,1,1909,Suburban,Excellent,No,654879,No,654879,4,4837,2891,Suburban,1
1415,501,1,1,1,1955,Suburban,Poor,No,302990,No,302990,1,501,2891,Suburban,1
1416,3348,3,4,1,2020,Urban,Excellent,Yes,330759,Yes,330759,4,3348,2891,Urban,1
1417,4544,3,2,3,1975,Downtown,Good,No,72838,No,72838,2,4544,2891,Downtown,3
1418,2449,1,1,2,2016,Suburban,Excellent,No,352872,No,352872,1,2449,2891,Suburban,2
1419,1417,3,2,1,1991,Rural,Poor,Yes,690537,Yes,690537,2,1417,2891,Rural,1
1420,3674,4,4,3,1969,Urban,Good,Yes,652288,Yes,652288,4,3674,2891,Urban,3
1421,2741,5,1,1,2022,Urban,Excellent,No,364942,No,364942,1,2741,2891,Urban,1
1422,589,5,2,3,1919,Downtown,Good,Yes,515992,Yes,515992,2,589,2891,Downtown,3
1423,2209,1,4,1,1904,Downtown,Good,No,987126,No,987126,4,2209,2891,Downtown,1
1424,2669,3,4,3,1922,Urban,Poor,No,194608,No,194608,4,2669,2891,Urban,3
1425,4738,2,3,1,1908,Rural,Poor,No,186772,No,186772,3,4738,2891,Rural,1
1426,3541,2,4,2,1957,Downtown,Good,Yes,744199,Yes,744199,4,3541,2891,Downtown,2
1427,605,3,2,1,1958,Downtown,Excellent,No,846680,No,846680,2,605,2891,Downtown,1
1428,1386,2,1,3,1992,Urban,Poor,No,95291,No,95291,1,1386,2891,Urban,3
1429,927,1,3,1,1979,Urban,Good,Yes,919061,Yes,919061,3,927,2891,Urban,1
1430,2395,1,4,2,1953,Downtown,Fair,No,265963,No,265963,4,2395,2891,Downtown,2
1431,816,3,4,1,1945,Suburban,Fair,No,175612,No,175612,4,816,2891,Suburban,1
1432,1134,2,4,3,1921,Downtown,Poor,No,591465,No,591465,4,1134,2891,Downtown,3
1433,2425,1,2,3,1963,Suburban,Excellent,No,462699,No,462699,2,2425,2891,Suburban,3
1434,2556,1,3,2,1907,Urban,Fair,No,93815,No,93815,3,2556,2891,Urban,2
1435,3644,4,2,3,2022,Suburban,Fair,No,874965,No,874965,2,3644,2891,Suburban,3
1436,2770,4,3,1,1919,Rural,Fair,Yes,836458,Yes,836458,3,2770,2891,Rural,1
1437,1939,1,1,1,1950,Urban,Excellent,No,154997,No,154997,1,1939,2891,Urban,1
1438,1052,3,2,1,1977,Downtown,Excellent,No,110611,No,110611,2,1052,2891,Downtown,1
1439,1215,5,2,3,1938,Downtown,Poor,Yes,661530,Yes,661530,2,1215,2891,Downtown,3
1440,4411,5,1,1,1936,Urban,Poor,No,467876,No,467876,1,4411,2891,Urban,1
1441,2213,1,3,1,1949,Urban,Fair,No,760463,No,760463,3,2213,2891,Urban,1
1442,3889,1,4,1,1933,Rural,Excellent,Yes,417057,Yes,417057,4,3889,2891,Rural,1
1443,1607,1,1,2,1974,Urban,Good,Yes,92082,Yes,92082,1,1607,2891,Urban,2
1444,4706,3,4,3,2017,Downtown,Fair,Yes,197330,Yes,197330,4,4706,2891,Downtown,3
1445,750,4,4,3,2003,Rural,Poor,Yes,677901,Yes,677901,4,750,2891,Rural,3
1446,2930,1,1,3,1932,Downtown,Excellent,Yes,934747,Yes,934747,1,2930,2891,Downtown,3
1447,2554,1,3,2,1930,Suburban,Poor,Yes,926122,Yes,926122,3,2554,2891,Suburban,2
1448,958,2,4,3,2022,Urban,Poor,Yes,145220,Yes,145220,4,958,2891,Urban,3
1449,707,3,1,2,1953,Suburban,Excellent,No,589677,No,589677,1,707,2891,Suburban,2
1450,1399,1,2,2,1943,Downtown,Fair,No,141860,No,141860,2,1399,2891,Downtown,2
1451,3961,2,2,3,1933,Suburban,Excellent,No,733045,No,733045,2,3961,2891,Suburban,3
1452,3885,5,2,1,2013,Suburban,Fair,Yes,502436,Yes,502436,2,3885,2891,Suburban,1
1453,521,1,1,1,1970,Downtown,Poor,No,994699,No,994699,1,521,2891,Downtown,1
1454,909,1,2,3,2021,Downtown,Excellent,Yes,71797,Yes,71797,2,909,2891,Downtown,3
1455,1394,2,4,3,2012,Urban,Good,No,948407,No,948407,4,1394,2891,Urban,3
1456,1014,3,2,2,2017,Suburban,Fair,No,933601,No,933601,2,1014,2891,Suburban,2
1457,4609,1,2,3,1961,Rural,Good,No,820227,No,820227,2,4609,2891,Rural,3
1458,2634,5,4,2,1922,Rural,Fair,No,640620,No,640620,4,2634,2891,Rural,2
1459,4095,1,2,3,1945,Downtown,Excellent,Yes,810943,Yes,810943,2,4095,2891,Downtown,3
1460,3456,5,4,1,1955,Downtown,Good,Yes,274997,Yes,274997,4,3456,2891,Downtown,1
1461,2060,4,2,1,1906,Suburban,Excellent,No,506123,No,506123,2,2060,2891,Suburban,1
1462,1766,4,4,3,2017,Downtown,Fair,Yes,450404,Yes,450404,4,1766,2891,Downtown,3
1463,2669,5,2,2,1988,Rural,Fair,Yes,335840,Yes,335840,2,2669,2891,Rural,2
1464,4138,3,4,1,1960,Urban,Fair,No,52024,No,52024,4,4138,2891,Urban,1
1465,1249,1,1,2,1902,Urban,Fair,Yes,479201,Yes,479201,1,1249,2891,Urban,2
1466,3927,1,4,3,2022,Suburban,Poor,Yes,711944,Yes,711944,4,3927,2891,Suburban,3
1467,2427,4,2,3,1937,Urban,Fair,Yes,403142,Yes,403142,2,2427,2891,Urban,3
1468,4304,5,2,1,1983,Downtown,Good,Yes,208116,Yes,208116,2,4304,2891,Downtown,1
1469,4202,1,3,3,1933,Downtown,Fair,No,831627,No,831627,3,4202,2891,Downtown,3
1470,2856,1,4,1,2012,Downtown,Excellent,No,317429,No,317429,4,2856,2891,Downtown,1
1471,2835,3,1,2,1943,Downtown,Poor,Yes,506331,Yes,506331,1,2835,2891,Downtown,2
1472,806,2,4,1,2007,Suburban,Good,No,843802,No,843802,4,806,2891,Suburban,1
1473,4165,4,4,1,1929,Urban,Poor,No,67903,No,67903,4,4165,2891,Urban,1
1474,2489,4,1,2,1916,Rural,Poor,No,737859,No,737859,1,2489,2891,Rural,2
1475,1161,2,4,1,1958,Urban,Poor,Yes,934336,Yes,934336,4,1161,2891,Urban,1
1476,811,1,1,1,1909,Downtown,Excellent,Yes,859427,Yes,859427,1,811,2891,Downtown,1
1477,3420,3,1,3,1998,Rural,Poor,No,417304,No,417304,1,3420,2891,Rural,3
1478,1582,3,4,2,1983,Suburban,Poor,No,478416,No,478416,4,1582,2891,Suburban,2
1479,3471,4,4,1,1917,Downtown,Fair,Yes,662665,Yes,662665,4,3471,2891,Downtown,1
1480,1254,3,2,2,1944,Downtown,Excellent,No,251474,No,251474,2,1254,2891,Downtown,2
1481,4630,2,2,2,2007,Rural,Good,Yes,456782,Yes,456782,2,4630,2891,Rural,2
1482,852,1,3,1,1990,Suburban,Good,No,874254,No,874254,3,852,2891,Suburban,1
1483,1402,2,3,3,1958,Rural,Good,Yes,419556,Yes,419556,3,1402,2891,Rural,3
1484,4388,5,4,2,1961,Suburban,Excellent,Yes,887654,Yes,887654,4,4388,2891,Suburban,2
1485,658,4,1,1,1958,Downtown,Good,Yes,930520,Yes,930520,1,658,2891,Downtown,1
1486,2477,3,3,2,1948,Urban,Excellent,Yes,543301,Yes,543301,3,2477,2891,Urban,2
1487,1456,5,4,3,1999,Downtown,Fair,No,402594,No,402594,4,1456,2891,Downtown,3
1488,2571,3,3,3,1962,Urban,Fair,Yes,493884,Yes,493884,3,2571,2891,Urban,3
1489,903,1,1,3,1986,Urban,Excellent,No,683654,No,683654,1,903,2891,Urban,3
1490,3279,1,4,1,1931,Suburban,Good,Yes,422222,Yes,422222,4,3279,2891,Suburban,1
1491,1887,1,1,1,1909,Rural,Excellent,Yes,638141,Yes,638141,1,1887,2891,Rural,1
1492,3953,3,4,3,1910,Suburban,Excellent,No,235715,No,235715,4,3953,2891,Suburban,3
1493,1455,5,3,1,2001,Downtown,Poor,No,960226,No,960226,3,1455,2891,Downtown,1
1494,2212,1,2,3,1969,Rural,Excellent,No,203405,No,203405,2,2212,2891,Rural,3
1495,1773,5,3,1,2022,Urban,Poor,Yes,459174,Yes,459174,3,1773,2891,Urban,1
1496,4311,3,3,3,2004,Urban,Fair,Yes,626730,Yes,626730,3,4311,2891,Urban,3
1497,3125,5,2,2,1961,Downtown,Poor,No,464170,No,464170,2,3125,2891,Downtown,2
1498,2882,3,2,3,1946,Rural,Excellent,Yes,280755,Yes,280755,2,2882,2891,Rural,3
1499,1941,3,4,3,1933,Downtown,Fair,No,583963,No,583963,4,1941,2891,Downtown,3
1500,3479,4,4,1,1999,Downtown,Poor,Yes,139590,Yes,139590,4,3479,2891,Downtown,1
1501,2297,3,1,1,2000,Suburban,Excellent,Yes,420714,Yes,420714,1,2297,2891,Suburban,1
1502,4890,3,1,1,1916,Downtown,Fair,Yes,343805,Yes,343805,1,4890,2891,Downtown,1
1503,4509,2,3,1,2003,Rural,Poor,No,638577,No,638577,3,4509,2891,Rural,1
1504,1894,1,2,1,2003,Downtown,Excellent,Yes,67184,Yes,67184,2,1894,2891,Downtown,1
1505,4781,4,1,1,1953,Rural,Excellent,No,884395,No,884395,1,4781,2891,Rural,1
1506,1769,4,3,2,1975,Urban,Good,No,731182,No,731182,3,1769,2891,Urban,2
1507,4214,4,2,3,1984,Downtown,Good,Yes,505519,Yes,505519,2,4214,2891,Downtown,3
1508,1029,2,4,3,1939,Rural,Poor,No,257537,No,257537,4,1029,2891,Rural,3
1509,4123,3,3,3,1918,Urban,Poor,No,841699,No,841699,3,4123,2891,Urban,3
1510,3458,1,4,2,1966,Rural,Poor,Yes,233719,Yes,233719,4,3458,2891,Rural,2
1511,3414,5,1,3,1981,Urban,Excellent,No,899246,No,899246,1,3414,2891,Urban,3
1512,4091,3,1,2,1952,Suburban,Poor,No,872457,No,872457,1,4091,2891,Suburban,2
1513,2647,2,2,2,2014,Downtown,Excellent,Yes,171246,Yes,171246,2,2647,2891,Downtown,2
1514,3869,3,3,2,1963,Downtown,Poor,Yes,389749,Yes,389749,3,3869,2891,Downtown,2
1515,1439,3,4,3,1982,Urban,Excellent,Yes,706341,Yes,706341,4,1439,2891,Urban,3
1516,1025,2,2,2,1946,Suburban,Excellent,No,879868,No,879868,2,1025,2891,Suburban,2
1517,501,4,1,3,1905,Rural,Good,No,723832,No,723832,1,501,2891,Rural,3
1518,874,4,1,3,1915,Suburban,Fair,Yes,200408,Yes,200408,1,874,2891,Suburban,3
1519,2840,1,3,1,1971,Rural,Excellent,No,730947,No,730947,3,2840,2891,Rural,1
1520,4505,1,4,1,2011,Rural,Poor,Yes,913624,Yes,913624,4,4505,2891,Rural,1
1521,3552,4,3,2,1917,Downtown,Good,Yes,287439,Yes,287439,3,3552,2891,Downtown,2
1522,2865,5,4,2,1951,Urban,Poor,Yes,957023,Yes,957023,4,2865,2891,Urban,2
1523,2025,3,4,3,1947,Downtown,Poor,No,396655,No,396655,4,2025,2891,Downtown,3
1524,4976,5,3,2,1942,Downtown,Excellent,No,583953,No,583953,3,4976,2891,Downtown,2
1525,2146,3,2,2,1938,Downtown,Excellent,Yes,732457,Yes,732457,2,2146,2891,Downtown,2
1526,513,4,3,3,1948,Rural,Fair,Yes,927709,Yes,927709,3,513,2891,Rural,3
1527,2778,1,3,2,2012,Downtown,Excellent,No,626762,No,626762,3,2778,2891,Downtown,2
1528,3655,1,1,2,1911,Rural,Excellent,Yes,777333,Yes,777333,1,3655,2891,Rural,2
1529,629,5,1,3,2008,Urban,Fair,No,468401,No,468401,1,629,2891,Urban,3
1530,4314,1,3,3,1909,Rural,Poor,Yes,125911,Yes,125911,3,4314,2891,Rural,3
1531,3716,4,3,1,1970,Rural,Fair,Yes,142643,Yes,142643,3,3716,2891,Rural,1
1532,3438,5,1,3,2009,Suburban,Fair,No,866916,No,866916,1,3438,2891,Suburban,3
1533,4428,3,4,1,1954,Downtown,Fair,No,309383,No,309383,4,4428,2891,Downtown,1
1534,2540,1,3,2,1900,Downtown,Good,No,413309,No,413309,3,2540,2891,Downtown,2
1535,527,2,2,3,1948,Downtown,Poor,No,226682,No,226682,2,527,2891,Downtown,3
1536,2613,1,2,3,1935,Downtown,Good,No,756167,No,756167,2,2613,2891,Downtown,3
1537,1752,3,2,3,1920,Suburban,Good,Yes,862267,Yes,862267,2,1752,2891,Suburban,3
1538,4856,5,3,2,1936,Suburban,Excellent,Yes,800639,Yes,800639,3,4856,2891,Suburban,2
1539,2546,3,4,1,2015,Suburban,Fair,No,146453,No,146453,4,2546,2891,Suburban,1
1540,4523,2,4,2,1923,Suburban,Fair,No,628078,No,628078,4,4523,2891,Suburban,2
1541,4896,4,1,2,1954,Downtown,Good,Yes,782320,Yes,782320,1,4896,2891,Downtown,2
1542,3874,1,3,3,1924,Rural,Excellent,Yes,846075,Yes,846075,3,3874,2891,Rural,3
1543,3966,5,4,1,1906,Urban,Excellent,No,387990,No,387990,4,3966,2891,Urban,1
1544,3581,4,3,2,2005,Suburban,Excellent,No,462167,No,462167,3,3581,2891,Suburban,2
1545,4278,3,1,3,1980,Rural,Poor,Yes,535320,Yes,535320,1,4278,2891,Rural,3
1546,1129,5,1,2,1992,Suburban,Good,No,458449,No,458449,1,1129,2891,Suburban,2
1547,769,4,1,2,1993,Downtown,Poor,Yes,587488,Yes,587488,1,769,2891,Downtown,2
1548,3139,5,2,3,1970,Downtown,Excellent,Yes,626563,Yes,626563,2,3139,2891,Downtown,3
1549,2493,2,3,3,1996,Rural,Excellent,No,519284,No,519284,3,2493,2891,Rural,3
1550,3391,2,1,1,1970,Rural,Excellent,Yes,925433,Yes,925433,1,3391,2891,Rural,1
1551,3932,1,3,2,2021,Rural,Fair,Yes,726651,Yes,726651,3,3932,2891,Rural,2
1552,1780,1,2,3,1923,Downtown,Good,Yes,354592,Yes,354592,2,1780,2891,Downtown,3
1553,2860,2,2,3,1910,Downtown,Fair,No,998084,No,998084,2,2860,2891,Downtown,3
1554,1075,5,1,1,1972,Urban,Poor,Yes,665973,Yes,665973,1,1075,2891,Urban,1
1555,1807,2,1,1,1911,Rural,Fair,No,464562,No,464562,1,1807,2891,Rural,1
1556,3692,1,4,3,1934,Urban,Good,Yes,847051,Yes,847051,4,3692,2891,Urban,3
1557,3678,2,3,1,1962,Suburban,Fair,Yes,679742,Yes,679742,3,3678,2891,Suburban,1
1558,3234,2,1,3,1967,Urban,Excellent,Yes,576054,Yes,576054,1,3234,2891,Urban,3
1559,2712,5,4,2,1999,Suburban,Poor,Yes,839981,Yes,839981,4,2712,2891,Suburban,2
1560,2852,4,3,1,1991,Suburban,Poor,Yes,724053,Yes,724053,3,2852,2891,Suburban,1
1561,4068,1,1,2,1956,Urban,Excellent,No,505235,No,505235,1,4068,2891,Urban,2
1562,2155,5,4,2,1912,Rural,Excellent,No,540674,No,540674,4,2155,2891,Rural,2
1563,2079,2,4,2,1922,Suburban,Excellent,Yes,830644,Yes,830644,4,2079,2891,Suburban,2
1564,2703,2,3,3,1982,Rural,Good,No,944370,No,944370,3,2703,2891,Rural,3
1565,1890,4,4,2,2005,Downtown,Fair,No,964105,No,964105,4,1890,2891,Downtown,2
1566,2242,1,3,2,2000,Suburban,Poor,Yes,543496,Yes,543496,3,2242,2891,Suburban,2
1567,2425,1,3,2,1938,Downtown,Fair,No,884760,No,884760,3,2425,2891,Downtown,2
1568,1119,3,3,3,1987,Urban,Excellent,No,520917,No,520917,3,1119,2891,Urban,3
1569,1774,1,2,2,1979,Rural,Excellent,No,270172,No,270172,2,1774,2891,Rural,2
1570,1456,4,4,2,1996,Urban,Fair,No,75301,No,75301,4,1456,2891,Urban,2
1571,2439,3,3,1,1911,Suburban,Poor,Yes,619051,Yes,619051,3,2439,2891,Suburban,1
1572,4453,3,1,3,1933,Downtown,Good,No,201837,No,201837,1,4453,2891,Downtown,3
1573,2881,2,2,2,1970,Suburban,Fair,Yes,881219,Yes,881219,2,2881,2891,Suburban,2
1574,1468,2,2,1,1974,Urban,Excellent,Yes,957107,Yes,957107,2,1468,2891,Urban,1
1575,1816,1,4,3,1930,Rural,Excellent,No,57425,No,57425,4,1816,2891,Rural,3
1576,1543,3,3,3,1992,Rural,Good,Yes,325001,Yes,325001,3,1543,2891,Rural,3
1577,781,2,4,3,1961,Suburban,Fair,No,233843,No,233843,4,781,2891,Suburban,3
1578,3344,4,2,3,1912,Suburban,Good,Yes,405143,Yes,405143,2,3344,2891,Suburban,3
1579,1558,2,3,3,1930,Downtown,Good,No,465660,No,465660,3,1558,2891,Downtown,3
1580,4793,2,1,3,1901,Urban,Poor,No,833849,No,833849,1,4793,2891,Urban,3
1581,3032,3,3,2,2002,Suburban,Poor,Yes,615745,Yes,615745,3,3032,2891,Suburban,2
1582,4328,3,2,2,1914,Downtown,Excellent,No,545496,No,545496,2,4328,2891,Downtown,2
1583,1508,5,1,2,1956,Suburban,Fair,No,785101,No,785101,1,1508,2891,Suburban,2
1584,1729,4,3,2,1974,Rural,Poor,No,443920,No,443920,3,1729,2891,Rural,2
1585,1535,3,1,1,1933,Downtown,Excellent,No,579740,No,579740,1,1535,2891,Downtown,1
1586,775,1,1,2,2002,Downtown,Fair,Yes,161153,Yes,161153,1,775,2891,Downtown,2
1587,3240,4,2,3,1967,Suburban,Excellent,Yes,875294,Yes,875294,2,3240,2891,Suburban,3
1588,2789,4,1,2,1974,Urban,Poor,Yes,242543,Yes,242543,1,2789,2891,Urban,2
1589,1739,3,4,2,1928,Rural,Excellent,No,529274,No,529274,4,1739,2891,Rural,2
1590,625,4,2,3,1965,Urban,Fair,Yes,330444,Yes,330444,2,625,2891,Urban,3
1591,4565,3,4,2,1915,Downtown,Fair,No,977070,No,977070,4,4565,2891,Downtown,2
1592,4812,2,1,2,1938,Urban,Excellent,No,450717,No,450717,1,4812,2891,Urban,2
1593,4368,5,4,2,1976,Downtown,Fair,No,51845,No,51845,4,4368,2891,Downtown,2
1594,1708,2,3,1,1936,Urban,Excellent,Yes,169342,Yes,169342,3,1708,2891,Urban,1
1595,3749,3,1,2,1980,Suburban,Fair,Yes,875613,Yes,875613,1,3749,2891,Suburban,2
1596,1418,3,3,3,1920,Urban,Excellent,Yes,500479,Yes,500479,3,1418,2891,Urban,3
1597,4423,2,4,3,1943,Downtown,Excellent,Yes,811654,Yes,811654,4,4423,2891,Downtown,3
1598,4903,1,3,2,2023,Rural,Excellent,No,813292,No,813292,3,4903,2891,Rural,2
1599,2469,1,1,2,1918,Rural,Good,Yes,768398,Yes,768398,1,2469,2891,Rural,2
1600,3293,1,3,2,1970,Rural,Fair,Yes,298850,Yes,298850,3,3293,2891,Rural,2
1601,1391,3,4,3,2001,Downtown,Poor,Yes,788650,Yes,788650,4,1391,2891,Downtown,3
1602,4970,4,4,3,1907,Urban,Excellent,Yes,297688,Yes,297688,4,4970,2891,Urban,3
1603,2533,3,4,1,1976,Rural,Good,No,608692,No,608692,4,2533,2891,Rural,1
1604,1864,4,1,1,2000,Rural,Poor,Yes,596852,Yes,596852,1,1864,2891,Rural,1
1605,628,2,4,1,1965,Rural,Excellent,Yes,672186,Yes,672186,4,628,2891,Rural,1
1606,1514,5,1,3,1940,Suburban,Poor,Yes,330371,Yes,330371,1,1514,2891,Suburban,3
1607,2299,4,3,1,1974,Downtown,Good,No,570919,No,570919,3,2299,2891,Downtown,1
1608,2018,1,4,2,1987,Downtown,Poor,Yes,145259,Yes,145259,4,2018,2891,Downtown,2
1609,4681,3,3,2,1969,Downtown,Excellent,Yes,174451,Yes,174451,3,4681,2891,Downtown,2
1610,1698,2,2,3,1960,Downtown,Poor,Yes,490691,Yes,490691,2,1698,2891,Downtown,3
1611,4373,1,3,1,1925,Downtown,Poor,No,67215,No,67215,3,4373,2891,Downtown,1
1612,2974,2,2,2,1970,Suburban,Excellent,No,180577,No,180577,2,2974,2891,Suburban,2
1613,3985,5,3,3,2020,Urban,Good,Yes,832680,Yes,832680,3,3985,2891,Urban,3
1614,4549,3,1,1,2002,Suburban,Good,Yes,121074,Yes,121074,1,4549,2891,Suburban,1
1615,4219,3,3,2,1982,Rural,Poor,No,989203,No,989203,3,4219,2891,Rural,2
1616,802,5,1,1,1969,Suburban,Fair,No,682909,No,682909,1,802,2891,Suburban,1
1617,4452,3,1,3,2006,Downtown,Poor,No,979958,No,979958,1,4452,2891,Downtown,3
1618,1486,4,4,1,1928,Suburban,Fair,No,753577,No,753577,4,1486,2891,Suburban,1
1619,2363,2,1,3,2006,Downtown,Poor,No,156759,No,156759,1,2363,2891,Downtown,3
1620,4940,1,2,1,2002,Suburban,Good,Yes,178471,Yes,178471,2,4940,2891,Suburban,1
1621,3572,5,4,2,1965,Downtown,Poor,Yes,858143,Yes,858143,4,3572,2891,Downtown,2
1622,3624,4,4,3,1918,Rural,Poor,Yes,458275,Yes,458275,4,3624,2891,Rural,3
1623,1827,1,3,3,1967,Downtown,Fair,Yes,622686,Yes,622686,3,1827,2891,Downtown,3
1624,2908,1,1,3,1957,Suburban,Good,No,837718,No,837718,1,2908,2891,Suburban,3
1625,4173,5,1,1,1969,Rural,Fair,No,215369,No,215369,1,4173,2891,Rural,1
1626,3791,4,2,1,2012,Suburban,Poor,No,682592,No,682592,2,3791,2891,Suburban,1
1627,4533,1,3,2,1956,Rural,Excellent,No,154959,No,154959,3,4533,2891,Rural,2
1628,1203,1,3,3,1936,Urban,Poor,No,289317,No,289317,3,1203,2891,Urban,3
1629,1074,4,4,3,1960,Urban,Poor,Yes,731845,Yes,731845,4,1074,2891,Urban,3
1630,3732,3,4,1,1991,Urban,Fair,Yes,372111,Yes,372111,4,3732,2891,Urban,1
1631,3132,1,4,1,1929,Suburban,Excellent,Yes,934235,Yes,934235,4,3132,2891,Suburban,1
1632,4328,2,2,2,1970,Suburban,Excellent,Yes,179745,Yes,179745,2,4328,2891,Suburban,2
1633,3730,4,2,2,1972,Rural,Fair,Yes,104583,Yes,104583,2,3730,2891,Rural,2
1634,988,1,4,1,1924,Rural,Good,No,698365,No,698365,4,988,2891,Rural,1
1635,1847,5,3,3,1996,Rural,Excellent,No,494846,No,494846,3,1847,2891,Rural,3
1636,4181,2,2,2,1964,Rural,Excellent,No,161359,No,161359,2,4181,2891,Rural,2
1637,3673,1,3,1,2014,Downtown,Fair,No,601374,No,601374,3,3673,2891,Downtown,1
1638,2167,2,3,1,1905,Urban,Good,No,721844,No,721844,3,2167,2891,Urban,1
1639,2137,2,1,3,1917,Downtown,Good,Yes,773983,Yes,773983,1,2137,2891,Downtown,3
1640,4614,3,4,1,1909,Downtown,Poor,Yes,678420,Yes,678420,4,4614,2891,Downtown,1
1641,4053,2,1,1,1991,Downtown,Poor,Yes,565329,Yes,565329,1,4053,2891,Downtown,1
1642,1500,3,4,2,1910,Downtown,Fair,No,109263,No,109263,4,1500,2891,Downtown,2
1643,1350,4,4,1,1996,Urban,Good,No,724035,No,724035,4,1350,2891,Urban,1
1644,1888,3,3,1,1964,Downtown,Fair,No,956587,No,956587,3,1888,2891,Downtown,1
1645,4212,5,4,2,1976,Rural,Poor,No,110664,No,110664,4,4212,2891,Rural,2
1646,1867,1,3,3,2000,Suburban,Fair,Yes,467896,Yes,467896,3,1867,2891,Suburban,3
1647,1321,4,3,3,1983,Rural,Fair,No,984581,No,984581,3,1321,2891,Rural,3
1648,954,4,4,2,1964,Suburban,Excellent,Yes,956906,Yes,956906,4,954,2891,Suburban,2
1649,2124,5,3,2,1951,Rural,Excellent,No,389112,No,389112,3,2124,2891,Rural,2
1650,3272,3,3,3,1966,Rural,Excellent,Yes,970995,Yes,970995,3,3272,2891,Rural,3
1651,4226,1,3,3,1981,Suburban,Poor,No,751486,No,751486,3,4226,2891,Suburban,3
1652,3647,3,2,3,2004,Urban,Fair,No,817018,No,817018,2,3647,2891,Urban,3
1653,4589,2,3,3,1977,Downtown,Excellent,Yes,446608,Yes,446608,3,4589,2891,Downtown,3
1654,2690,3,2,3,1930,Rural,Excellent,Yes,505473,Yes,505473,2,2690,2891,Rural,3
1655,1416,4,2,2,1990,Urban,Excellent,No,117804,No,117804,2,1416,2891,Urban,2
1656,4486,1,3,1,1916,Downtown,Poor,Yes,874832,Yes,874832,3,4486,2891,Downtown,1
1657,3375,3,3,3,1954,Urban,Poor,No,479767,No,479767,3,3375,2891,Urban,3
1658,1940,1,2,3,2009,Urban,Fair,No,864520,No,864520,2,1940,2891,Urban,3
1659,4900,1,2,1,1992,Downtown,Fair,Yes,261087,Yes,261087,2,4900,2891,Downtown,1
1660,1235,2,3,1,1935,Rural,Fair,No,992969,No,992969,3,1235,2891,Rural,1
1661,4068,2,3,1,2000,Urban,Excellent,No,491371,No,491371,3,4068,2891,Urban,1
1662,3838,4,4,1,1925,Rural,Good,Yes,137893,Yes,137893,4,3838,2891,Rural,1
1663,3515,5,2,1,1952,Rural,Poor,No,842401,No,842401,2,3515,2891,Rural,1
1664,3389,1,2,1,1916,Rural,Excellent,No,58981,No,58981,2,3389,2891,Rural,1
1665,1461,5,4,2,1985,Downtown,Excellent,No,464248,No,464248,4,1461,2891,Downtown,2
1666,3489,4,2,1,1924,Suburban,Fair,No,366235,No,366235,2,3489,2891,Suburban,1
1667,4348,1,1,1,1901,Rural,Fair,Yes,157154,Yes,157154,1,4348,2891,Rural,1
1668,1526,1,2,2,2018,Suburban,Excellent,Yes,336552,Yes,336552,2,1526,2891,Suburban,2
1669,4365,5,4,1,1985,Suburban,Poor,Yes,729601,Yes,729601,4,4365,2891,Suburban,1
1670,3363,3,1,3,1904,Urban,Poor,No,884372,No,884372,1,3363,2891,Urban,3
1671,3001,2,3,3,1903,Rural,Excellent,Yes,526154,Yes,526154,3,3001,2891,Rural,3
1672,2447,3,4,1,1935,Rural,Good,Yes,756465,Yes,756465,4,2447,2891,Rural,1
1673,1677,5,4,2,1905,Rural,Good,Yes,242122,Yes,242122,4,1677,2891,Rural,2
1674,511,2,3,3,2015,Suburban,Poor,No,53657,No,53657,3,511,2891,Suburban,3
1675,4899,3,4,2,1920,Downtown,Fair,Yes,857662,Yes,857662,4,4899,2891,Downtown,2
1676,3864,2,2,3,1976,Suburban,Good,Yes,986184,Yes,986184,2,3864,2891,Suburban,3
1677,3522,1,3,1,2017,Rural,Good,No,263766,No,263766,3,3522,2891,Rural,1
1678,3871,3,4,2,2000,Rural,Fair,No,659019,No,659019,4,3871,2891,Rural,2
1679,3330,2,3,2,2018,Rural,Good,No,223412,No,223412,3,3330,2891,Rural,2
1680,542,2,3,2,1988,Suburban,Excellent,No,741310,No,741310,3,542,2891,Suburban,2
1681,1443,2,3,3,1925,Rural,Good,No,713227,No,713227,3,1443,2891,Rural,3
1682,2890,3,1,3,1954,Urban,Fair,No,783902,No,783902,1,2890,2891,Urban,3
1683,3045,4,4,3,1938,Rural,Excellent,Yes,54329,Yes,54329,4,3045,2891,Rural,3
1684,2911,3,1,1,1983,Downtown,Good,Yes,348009,Yes,348009,1,2911,2891,Downtown,1
1685,1504,5,4,3,1932,Urban,Poor,No,772300,No,772300,4,1504,2891,Urban,3
1686,520,3,2,1,1913,Rural,Excellent,No,569897,No,569897,2,520,2891,Rural,1
1687,906,2,2,2,1955,Urban,Excellent,Yes,87869,Yes,87869,2,906,2891,Urban,2
1688,1514,1,2,2,1999,Rural,Poor,No,247977,No,247977,2,1514,2891,Rural,2
1689,4931,3,4,1,1980,Downtown,Poor,No,956617,No,956617,4,4931,2891,Downtown,1
1690,2338,3,3,3,1920,Rural,Good,Yes,548185,Yes,548185,3,2338,2891,Rural,3
1691,3688,2,3,1,1945,Urban,Good,No,133984,No,133984,3,3688,2891,Urban,1
1692,1214,1,1,2,1915,Downtown,Fair,No,961604,No,961604,1,1214,2891,Downtown,2
1693,4646,1,1,2,2009,Suburban,Fair,Yes,151069,Yes,151069,1,4646,2891,Suburban,2
1694,4354,5,2,1,1915,Downtown,Excellent,Yes,298577,Yes,298577,2,4354,2891,Downtown,1
1695,4919,3,1,3,2019,Downtown,Poor,Yes,926143,Yes,926143,1,4919,2891,Downtown,3
1696,640,1,4,3,1983,Downtown,Poor,Yes,378396,Yes,378396,4,640,2891,Downtown,3
1697,1463,1,4,1,1928,Urban,Fair,Yes,391530,Yes,391530,4,1463,2891,Urban,1
1698,872,4,1,1,1991,Downtown,Excellent,No,168728,No,168728,1,872,2891,Downtown,1
1699,4135,4,1,3,1907,Rural,Excellent,No,573846,No,573846,1,4135,2891,Rural,3
1700,3041,1,1,2,1987,Downtown,Fair,No,969215,No,969215,1,3041,2891,Downtown,2
1701,4110,5,1,1,1902,Downtown,Fair,No,75801,No,75801,1,4110,2891,Downtown,1
1702,2192,1,2,3,1988,Rural,Fair,No,792647,No,792647,2,2192,2891,Rural,3
1703,605,2,2,3,1918,Rural,Good,Yes,809925,Yes,809925,2,605,2891,Rural,3
1704,2181,3,1,2,1996,Suburban,Excellent,No,664997,No,664997,1,2181,2891,Suburban,2
1705,4597,5,4,2,1965,Downtown,Excellent,No,365414,No,365414,4,4597,2891,Downtown,2
1706,4516,2,2,2,1978,Urban,Excellent,No,514838,No,514838,2,4516,2891,Urban,2
1707,3136,5,4,2,1985,Downtown,Fair,No,891967,No,891967,4,3136,2891,Downtown,2
1708,2637,2,3,2,2023,Downtown,Fair,No,305560,No,305560,3,2637,2891,Downtown,2
1709,3916,3,4,1,1973,Rural,Fair,Yes,818026,Yes,818026,4,3916,2891,Rural,1
1710,4945,3,1,3,1981,Suburban,Fair,No,782119,No,782119,1,4945,2891,Suburban,3
1711,4030,4,3,1,1921,Downtown,Poor,No,66220,No,66220,3,4030,2891,Downtown,1
1712,1786,2,2,1,1945,Urban,Fair,No,325536,No,325536,2,1786,2891,Urban,1
1713,3679,4,2,1,2012,Downtown,Good,No,528803,No,528803,2,3679,2891,Downtown,1
1714,4154,2,3,1,1990,Urban,Poor,No,445462,No,445462,3,4154,2891,Urban,1
1715,2859,4,4,1,1912,Rural,Poor,No,332154,No,332154,4,2859,2891,Rural,1
1716,944,3,2,2,1932,Suburban,Fair,Yes,176951,Yes,176951,2,944,2891,Suburban,2
1717,535,5,1,2,1904,Downtown,Excellent,No,380502,No,380502,1,535,2891,Downtown,2
1718,1975,4,3,3,1989,Suburban,Fair,Yes,533419,Yes,533419,3,1975,2891,Suburban,3
1719,4457,2,1,1,1976,Downtown,Excellent,Yes,198306,Yes,198306,1,4457,2891,Downtown,1
1720,2298,2,3,3,1926,Urban,Fair,No,932622,No,932622,3,2298,2891,Urban,3
1721,2345,3,2,2,2020,Suburban,Fair,No,690083,No,690083,2,2345,2891,Suburban,2
1722,1908,2,4,2,1977,Downtown,Excellent,No,492667,No,492667,4,1908,2891,Downtown,2
1723,2208,1,3,2,1923,Rural,Excellent,Yes,959222,Yes,959222,3,2208,2891,Rural,2
1724,3438,5,3,1,1966,Urban,Excellent,No,175223,No,175223,3,3438,2891,Urban,1
1725,1800,4,1,1,2010,Suburban,Excellent,No,572886,No,572886,1,1800,2891,Suburban,1
1726,1743,5,2,2,2014,Downtown,Good,No,649493,No,649493,2,1743,2891,Downtown,2
1727,4476,3,1,3,1962,Suburban,Excellent,Yes,465000,Yes,465000,1,4476,2891,Suburban,3
1728,3597,4,2,3,2012,Downtown,Fair,Yes,997176,Yes,997176,2,3597,2891,Downtown,3
1729,509,4,1,2,1993,Urban,Fair,No,51082,No,51082,1,509,2891,Urban,2
1730,2925,1,3,3,1998,Rural,Good,Yes,454364,Yes,454364,3,2925,2891,Rural,3
1731,2160,3,1,2,1947,Urban,Excellent,No,208566,No,208566,1,2160,2891,Urban,2
1732,3131,2,4,3,1962,Suburban,Fair,Yes,911525,Yes,911525,4,3131,2891,Suburban,3
1733,1572,1,2,2,1977,Suburban,Good,No,364096,No,364096,2,1572,2891,Suburban,2
1734,3725,1,2,3,1911,Downtown,Fair,Yes,86719,Yes,86719,2,3725,2891,Downtown,3
1735,1816,5,3,1,1927,Urban,Good,No,98737,No,98737,3,1816,2891,Urban,1
1736,4645,5,2,2,1943,Downtown,Good,No,502669,No,502669,2,4645,2891,Downtown,2
1737,4183,5,4,2,1992,Urban,Poor,Yes,157271,Yes,157271,4,4183,2891,Urban,2
1738,3773,1,1,3,1942,Suburban,Poor,Yes,744896,Yes,744896,1,3773,2891,Suburban,3
1739,645,2,3,2,1916,Downtown,Excellent,Yes,231676,Yes,231676,3,645,2891,Downtown,2
1740,3540,4,4,2,1939,Downtown,Poor,Yes,494049,Yes,494049,4,3540,2891,Downtown,2
1741,1962,5,2,2,1948,Urban,Good,Yes,981543,Yes,981543,2,1962,2891,Urban,2
1742,2084,2,2,1,1984,Rural,Fair,No,642127,No,642127,2,2084,2891,Rural,1
1743,982,3,4,1,1956,Urban,Fair,No,884363,No,884363,4,982,2891,Urban,1
1744,3679,5,1,3,1986,Rural,Excellent,Yes,352069,Yes,352069,1,3679,2891,Rural,3
1745,1749,4,1,1,1983,Urban,Poor,No,232075,No,232075,1,1749,2891,Urban,1
1746,1130,3,3,3,1963,Suburban,Excellent,No,492113,No,492113,3,1130,2891,Suburban,3
1747,1161,3,2,1,1974,Downtown,Good,Yes,137745,Yes,137745,2,1161,2891,Downtown,1
1748,4003,4,4,3,1956,Urban,Poor,No,176298,No,176298,4,4003,2891,Urban,3
1749,3352,5,1,1,2020,Suburban,Excellent,No,667997,No,667997,1,3352,2891,Suburban,1
1750,2966,1,3,1,1997,Urban,Fair,Yes,354431,Yes,354431,3,2966,2891,Urban,1
1751,1487,4,2,3,1973,Downtown,Fair,Yes,796086,Yes,796086,2,1487,2891,Downtown,3
1752,2046,4,2,2,1973,Urban,Excellent,No,476228,No,476228,2,2046,2891,Urban,2
1753,1149,4,3,2,2006,Rural,Excellent,Yes,681540,Yes,681540,3,1149,2891,Rural,2
1754,1468,3,3,1,2023,Downtown,Excellent,No,747143,No,747143,3,1468,2891,Downtown,1
1755,3137,2,1,3,1969,Rural,Good,Yes,421467,Yes,421467,1,3137,2891,Rural,3
1756,1600,1,4,2,1999,Suburban,Good,Yes,511531,Yes,511531,4,1600,2891,Suburban,2
1757,940,5,2,3,1987,Suburban,Fair,Yes,789126,Yes,789126,2,940,2891,Suburban,3
1758,1269,5,4,2,1975,Urban,Good,Yes,489707,Yes,489707,4,1269,2891,Urban,2
1759,1843,2,2,3,1942,Rural,Good,No,270013,No,270013,2,1843,2891,Rural,3
1760,4858,4,2,1,2018,Rural,Poor,Yes,501800,Yes,501800,2,4858,2891,Rural,1
1761,4229,1,4,3,1922,Downtown,Good,Yes,849235,Yes,849235,4,4229,2891,Downtown,3
1762,4406,5,3,2,1926,Rural,Poor,No,230697,No,230697,3,4406,2891,Rural,2
1763,2077,5,1,1,1957,Rural,Good,No,693107,No,693107,1,2077,2891,Rural,1
1764,4508,4,2,3,2020,Downtown,Fair,No,929793,No,929793,2,4508,2891,Downtown,3
1765,3851,2,3,2,2008,Downtown,Excellent,No,63698,No,63698,3,3851,2891,Downtown,2
1766,2849,1,2,1,1936,Rural,Fair,Yes,65376,Yes,65376,2,2849,2891,Rural,1
1767,4102,2,1,3,1905,Urban,Good,No,526870,No,526870,1,4102,2891,Urban,3
1768,1741,2,2,2,1964,Downtown,Excellent,Yes,325261,Yes,325261,2,1741,2891,Downtown,2
1769,1625,1,1,3,1905,Downtown,Excellent,No,286591,No,286591,1,1625,2891,Downtown,3
1770,3101,1,1,3,1949,Rural,Excellent,Yes,481172,Yes,481172,1,3101,2891,Rural,3
1771,1690,5,2,1,1921,Rural,Poor,No,98786,No,98786,2,1690,2891,Rural,1
1772,4631,5,2,1,2004,Downtown,Fair,Yes,687293,Yes,687293,2,4631,2891,Downtown,1
1773,4948,1,1,2,1987,Rural,Poor,Yes,268850,Yes,268850,1,4948,2891,Rural,2
1774,572,3,3,1,1924,Downtown,Excellent,No,378624,No,378624,3,572,2891,Downtown,1
1775,2414,5,4,2,1978,Urban,Fair,Yes,737055,Yes,737055,4,2414,2891,Urban,2
1776,2972,3,1,3,1989,Urban,Fair,Yes,969015,Yes,969015,1,2972,2891,Urban,3
1777,3546,1,2,3,1971,Downtown,Good,Yes,889665,Yes,889665,2,3546,2891,Downtown,3
1778,1207,5,2,2,1950,Downtown,Poor,Yes,423166,Yes,423166,2,1207,2891,Downtown,2
1779,2304,2,3,3,1987,Suburban,Poor,No,465718,No,465718,3,2304,2891,Suburban,3
1780,4213,1,4,1,1947,Suburban,Good,Yes,493226,Yes,493226,4,4213,2891,Suburban,1
1781,3064,4,1,3,2001,Rural,Poor,Yes,142529,Yes,142529,1,3064,2891,Rural,3
1782,2975,3,1,1,1969,Rural,Excellent,No,517121,No,517121,1,2975,2891,Rural,1
1783,4110,1,4,2,2017,Downtown,Excellent,No,815784,No,815784,4,4110,2891,Downtown,2
1784,4755,1,1,2,1998,Downtown,Poor,No,489705,No,489705,1,4755,2891,Downtown,2
1785,3323,5,4,3,2005,Suburban,Good,Yes,675207,Yes,675207,4,3323,2891,Suburban,3
1786,2235,5,2,3,1964,Suburban,Fair,Yes,919965,Yes,919965,2,2235,2891,Suburban,3
1787,2085,5,4,1,1959,Downtown,Poor,No,524381,No,524381,4,2085,2891,Downtown,1
1788,566,4,1,1,1945,Urban,Fair,Yes,999453,Yes,999453,1,566,2891,Urban,1
1789,3561,5,4,3,1935,Urban,Good,No,522803,No,522803,4,3561,2891,Urban,3
1790,2928,1,3,3,1957,Rural,Fair,Yes,536275,Yes,536275,3,2928,2891,Rural,3
1791,4653,5,2,2,1975,Downtown,Good,No,772670,No,772670,2,4653,2891,Downtown,2
1792,841,2,2,2,1937,Downtown,Good,Yes,259870,Yes,259870,2,841,2891,Downtown,2
1793,3274,5,4,2,1910,Rural,Excellent,No,643695,No,643695,4,3274,2891,Rural,2
1794,3317,4,1,3,1911,Suburban,Excellent,Yes,648097,Yes,648097,1,3317,2891,Suburban,3
1795,3161,2,3,3,1941,Suburban,Good,No,329373,No,329373,3,3161,2891,Suburban,3
1796,1732,1,2,3,2013,Urban,Poor,Yes,994889,Yes,994889,2,1732,2891,Urban,3
1797,4374,1,2,2,1938,Downtown,Excellent,Yes,616464,Yes,616464,2,4374,2891,Downtown,2
1798,2901,3,1,3,1970,Suburban,Good,Yes,669113,Yes,669113,1,2901,2891,Suburban,3
1799,1994,2,1,1,1910,Urban,Fair,No,970764,No,970764,1,1994,2891,Urban,1
1800,4711,3,3,3,1935,Urban,Fair,Yes,147555,Yes,147555,3,4711,2891,Urban,3
1801,1161,2,4,3,1951,Urban,Poor,Yes,577433,Yes,577433,4,1161,2891,Urban,3
1802,4383,2,1,3,1930,Suburban,Fair,Yes,147289,Yes,147289,1,4383,2891,Suburban,3
1803,4119,4,4,3,1932,Suburban,Fair,No,713162,No,713162,4,4119,2891,Suburban,3
1804,2368,3,3,3,1912,Downtown,Good,Yes,838695,Yes,838695,3,2368,2891,Downtown,3
1805,2834,4,4,1,1917,Downtown,Fair,No,470129,No,470129,4,2834,2891,Downtown,1
1806,3874,2,2,1,1940,Urban,Fair,Yes,107788,Yes,107788,2,3874,2891,Urban,1
1807,1516,1,4,3,1957,Urban,Fair,No,713515,No,713515,4,1516,2891,Urban,3
1808,4906,2,3,2,1955,Suburban,Fair,No,706282,No,706282,3,4906,2891,Suburban,2
1809,707,4,3,3,1923,Suburban,Good,Yes,777591,Yes,777591,3,707,2891,Suburban,3
1810,3165,3,3,3,1972,Downtown,Fair,No,201744,No,201744,3,3165,2891,Downtown,3
1811,2993,3,4,3,1930,Downtown,Poor,No,219598,No,219598,4,2993,2891,Downtown,3
1812,1132,4,2,2,1954,Rural,Excellent,Yes,881776,Yes,881776,2,1132,2891,Rural,2
1813,2602,3,1,2,2004,Downtown,Poor,No,959251,No,959251,1,2602,2891,Downtown,2
1814,3459,5,2,2,1909,Suburban,Excellent,No,462230,No,462230,2,3459,2891,Suburban,2
1815,3583,1,4,1,1959,Urban,Poor,No,647640,No,647640,4,3583,2891,Urban,1
1816,2431,1,4,2,1901,Rural,Excellent,No,534495,No,534495,4,2431,2891,Rural,2
1817,4219,1,1,1,2001,Downtown,Excellent,Yes,352468,Yes,352468,1,4219,2891,Downtown,1
1818,3062,3,4,1,1914,Downtown,Excellent,No,557745,No,557745,4,3062,2891,Downtown,1
1819,2179,3,3,2,1902,Suburban,Excellent,No,930507,No,930507,3,2179,2891,Suburban,2
1820,736,2,3,2,1942,Rural,Good,Yes,276710,Yes,276710,3,736,2891,Rural,2
1821,4943,2,3,2,1930,Downtown,Poor,Yes,744058,Yes,744058,3,4943,2891,Downtown,2
1822,2040,1,3,1,1969,Urban,Excellent,No,913601,No,913601,3,2040,2891,Urban,1
1823,4443,5,3,3,1966,Suburban,Poor,Yes,859816,Yes,859816,3,4443,2891,Suburban,3
1824,863,2,4,2,1955,Rural,Fair,Yes,577800,Yes,577800,4,863,2891,Rural,2
1825,2868,2,1,2,1962,Downtown,Excellent,Yes,973570,Yes,973570,1,2868,2891,Downtown,2
1826,785,3,1,2,1974,Downtown,Poor,Yes,736860,Yes,736860,1,785,2891,Downtown,2
1827,648,5,3,1,1914,Rural,Good,Yes,173775,Yes,173775,3,648,2891,Rural,1
1828,4537,1,4,1,2008,Suburban,Poor,Yes,128743,Yes,128743,4,4537,2891,Suburban,1
1829,2266,2,2,3,2015,Rural,Excellent,Yes,397786,Yes,397786,2,2266,2891,Rural,3
1830,1512,5,2,2,1991,Rural,Fair,Yes,441731,Yes,441731,2,1512,2891,Rural,2
1831,3331,5,4,1,1909,Suburban,Poor,Yes,654146,Yes,654146,4,3331,2891,Suburban,1
1832,3007,1,3,3,1937,Downtown,Fair,No,629088,No,629088,3,3007,2891,Downtown,3
1833,2023,5,1,2,1946,Urban,Good,No,506356,No,506356,1,2023,2891,Urban,2
1834,3285,5,4,1,1956,Suburban,Poor,No,674652,No,674652,4,3285,2891,Suburban,1
1835,3056,5,2,2,1949,Urban,Poor,No,555533,No,555533,2,3056,2891,Urban,2
1836,4225,2,2,2,2013,Downtown,Good,No,314531,No,314531,2,4225,2891,Downtown,2
1837,2101,1,2,1,1970,Rural,Good,Yes,237232,Yes,237232,2,2101,2891,Rural,1
1838,2908,5,3,1,1914,Urban,Good,Yes,778927,Yes,778927,3,2908,2891,Urban,1
1839,840,5,2,1,1917,Downtown,Excellent,No,182871,No,182871,2,840,2891,Downtown,1
1840,3317,2,4,2,1981,Downtown,Excellent,No,169095,No,169095,4,3317,2891,Downtown,2
1841,2996,1,4,2,2015,Rural,Poor,Yes,609836,Yes,609836,4,2996,2891,Rural,2
1842,2225,3,2,3,2004,Rural,Poor,No,140450,No,140450,2,2225,2891,Rural,3
1843,2189,2,4,2,1987,Downtown,Poor,Yes,679957,Yes,679957,4,2189,2891,Downtown,2
1844,3767,1,2,1,1901,Downtown,Fair,No,916603,No,916603,2,3767,2891,Downtown,1
1845,4906,5,2,2,2003,Urban,Good,Yes,483595,Yes,483595,2,4906,2891,Urban,2
1846,761,1,1,3,1983,Downtown,Poor,No,357558,No,357558,1,761,2891,Downtown,3
1847,1942,1,3,3,1997,Downtown,Good,Yes,647359,Yes,647359,3,1942,2891,Downtown,3
1848,905,1,3,1,1942,Urban,Excellent,No,687096,No,687096,3,905,2891,Urban,1
1849,2690,3,1,1,1925,Suburban,Good,No,550884,No,550884,1,2690,2891,Suburban,1
1850,4937,1,1,3,1970,Urban,Fair,Yes,128591,Yes,128591,1,4937,2891,Urban,3
1851,743,3,3,3,1937,Urban,Fair,Yes,798501,Yes,798501,3,743,2891,Urban,3
1852,4607,5,2,3,1993,Rural,Good,No,316441,No,316441,2,4607,2891,Rural,3
1853,1060,3,2,1,1941,Urban,Fair,No,683801,No,683801,2,1060,2891,Urban,1
1854,4637,5,3,3,1904,Downtown,Fair,Yes,965100,Yes,965100,3,4637,2891,Downtown,3
1855,3225,5,2,3,1910,Downtown,Excellent,Yes,922911,Yes,922911,2,3225,2891,Downtown,3
1856,1093,3,1,1,1964,Downtown,Poor,Yes,148752,Yes,148752,1,1093,2891,Downtown,1
1857,2326,2,2,2,1933,Suburban,Fair,No,186080,No,186080,2,2326,2891,Suburban,2
1858,3729,4,2,2,2019,Downtown,Poor,No,267885,No,267885,2,3729,2891,Downtown,2
1859,3787,1,4,3,1900,Suburban,Good,Yes,427625,Yes,427625,4,3787,2891,Suburban,3
1860,4573,4,4,2,1982,Downtown,Good,No,197892,No,197892,4,4573,2891,Downtown,2
1861,633,1,4,2,1901,Urban,Fair,No,514764,No,514764,4,633,2891,Urban,2
1862,3638,1,2,2,1984,Rural,Good,Yes,203325,Yes,203325,2,3638,2891,Rural,2
1863,4419,5,3,2,1919,Downtown,Excellent,No,472418,No,472418,3,4419,2891,Downtown,2
1864,572,1,1,3,1960,Suburban,Fair,Yes,996740,Yes,996740,1,572,2891,Suburban,3
1865,4994,1,2,2,1986,Suburban,Fair,Yes,641444,Yes,641444,2,4994,2891,Suburban,2
1866,4725,3,3,2,1920,Rural,Fair,No,817248,No,817248,3,4725,2891,Rural,2
1867,3478,4,2,1,1987,Downtown,Good,No,110263,No,110263,2,3478,2891,Downtown,1
1868,4861,3,1,3,1967,Urban,Good,Yes,955428,Yes,955428,1,4861,2891,Urban,3
1869,2485,1,2,1,1911,Downtown,Fair,Yes,673540,Yes,673540,2,2485,2891,Downtown,1
1870,1292,5,1,1,1921,Downtown,Poor,Yes,168632,Yes,168632,1,1292,2891,Downtown,1
1871,4759,3,2,3,1919,Rural,Good,No,911287,No,911287,2,4759,2891,Rural,3
1872,594,3,1,2,1981,Downtown,Good,Yes,66575,Yes,66575,1,594,2891,Downtown,2
1873,1633,2,2,1,1900,Urban,Fair,Yes,324348,Yes,324348,2,1633,2891,Urban,1
1874,737,1,1,3,1929,Suburban,Poor,Yes,61952,Yes,61952,1,737,2891,Suburban,3
1875,3446,5,4,2,1996,Rural,Fair,Yes,569826,Yes,569826,4,3446,2891,Rural,2
1876,3030,3,2,3,1923,Urban,Good,No,133323,No,133323,2,3030,2891,Urban,3
1877,2460,3,2,1,1913,Suburban,Fair,No,756502,No,756502,2,2460,2891,Suburban,1
1878,1548,5,3,2,1935,Rural,Fair,Yes,214944,Yes,214944,3,1548,2891,Rural,2
1879,3029,1,3,2,1968,Rural,Fair,No,734736,No,734736,3,3029,2891,Rural,2
1880,3464,2,1,3,1974,Suburban,Poor,No,771444,No,771444,1,3464,2891,Suburban,3
1881,1463,3,2,2,1923,Suburban,Fair,No,192712,No,192712,2,1463,2891,Suburban,2
1882,1036,2,1,1,1959,Urban,Good,Yes,338581,Yes,338581,1,1036,2891,Urban,1
1883,4723,4,4,1,1994,Downtown,Fair,No,177129,No,177129,4,4723,2891,Downtown,1
1884,4179,1,3,1,1954,Downtown,Poor,No,924113,No,924113,3,4179,2891,Downtown,1
1885,4687,4,1,3,1976,Downtown,Excellent,Yes,828810,Yes,828810,1,4687,2891,Downtown,3
1886,4224,4,1,2,1979,Downtown,Poor,Yes,582191,Yes,582191,1,4224,2891,Downtown,2
1887,1042,4,3,2,1923,Downtown,Fair,No,264776,No,264776,3,1042,2891,Downtown,2
1888,1345,1,2,2,1976,Urban,Excellent,No,601151,No,601151,2,1345,2891,Urban,2
1889,4103,1,1,1,1923,Rural,Fair,Yes,355525,Yes,355525,1,4103,2891,Rural,1
1890,3536,5,3,2,1953,Urban,Poor,Yes,864980,Yes,864980,3,3536,2891,Urban,2
1891,2994,2,2,1,1925,Urban,Excellent,Yes,493172,Yes,493172,2,2994,2891,Urban,1
1892,4985,2,4,2,1965,Urban,Excellent,Yes,585755,Yes,585755,4,4985,2891,Urban,2
1893,3219,5,3,1,1979,Rural,Fair,No,370098,No,370098,3,3219,2891,Rural,1
1894,2384,5,1,2,1937,Urban,Fair,Yes,336045,Yes,336045,1,2384,2891,Urban,2
1895,4638,4,4,3,2009,Urban,Poor,No,859733,No,859733,4,4638,2891,Urban,3
1896,4849,5,2,3,1964,Rural,Fair,No,961118,No,961118,2,4849,2891,Rural,3
1897,3701,3,2,1,2012,Urban,Excellent,No,807902,No,807902,2,3701,2891,Urban,1
1898,3210,2,3,1,1974,Downtown,Good,Yes,921612,Yes,921612,3,3210,2891,Downtown,1
1899,2453,5,3,2,1950,Suburban,Good,Yes,644191,Yes,644191,3,2453,2891,Suburban,2
1900,4350,3,3,2,1934,Urban,Poor,No,416099,No,416099,3,4350,2891,Urban,2
1901,1189,3,2,3,1942,Suburban,Fair,No,983708,No,983708,2,1189,2891,Suburban,3
1902,2450,3,4,2,1928,Urban,Poor,No,594043,No,594043,4,2450,2891,Urban,2
1903,956,3,2,1,1936,Urban,Good,No,371961,No,371961,2,956,2891,Urban,1
1904,2630,4,1,1,1980,Downtown,Good,No,838525,No,838525,1,2630,2891,Downtown,1
1905,4476,3,2,1,1957,Rural,Fair,Yes,306094,Yes,306094,2,4476,2891,Rural,1
1906,4744,4,1,1,1953,Suburban,Excellent,Yes,512753,Yes,512753,1,4744,2891,Suburban,1
1907,1679,4,4,1,1938,Rural,Fair,Yes,932751,Yes,932751,4,1679,2891,Rural,1
1908,4785,3,3,3,1941,Downtown,Good,No,335084,No,335084,3,4785,2891,Downtown,3
1909,4065,2,3,3,1927,Downtown,Excellent,No,749400,No,749400,3,4065,2891,Downtown,3
1910,1382,3,2,1,1928,Suburban,Poor,Yes,703002,Yes,703002,2,1382,2891,Suburban,1
1911,899,3,3,2,1942,Rural,Good,Yes,141544,Yes,141544,3,899,2891,Rural,2
1912,1108,3,4,1,1902,Downtown,Poor,No,658725,No,658725,4,1108,2891,Downtown,1
1913,2138,2,3,3,2015,Urban,Excellent,Yes,405113,Yes,405113,3,2138,2891,Urban,3
1914,2648,1,2,1,1909,Urban,Poor,Yes,157001,Yes,157001,2,2648,2891,Urban,1
1915,1882,1,4,3,1958,Urban,Good,Yes,137725,Yes,137725,4,1882,2891,Urban,3
1916,1903,4,1,3,2005,Rural,Fair,No,427928,No,427928,1,1903,2891,Rural,3
1917,1319,4,2,1,1913,Urban,Poor,No,160675,No,160675,2,1319,2891,Urban,1
1918,3792,2,1,1,1975,Urban,Good,Yes,144266,Yes,144266,1,3792,2891,Urban,1
1919,1319,5,4,2,1946,Downtown,Good,No,321380,No,321380,4,1319,2891,Downtown,2
1920,919,1,2,3,1941,Downtown,Excellent,Yes,909029,Yes,909029,2,919,2891,Downtown,3
1921,4719,4,2,2,1993,Urban,Good,Yes,265196,Yes,265196,2,4719,2891,Urban,2
1922,3802,1,4,1,1931,Urban,Fair,No,184974,No,184974,4,3802,2891,Urban,1
1923,2008,2,3,3,1931,Downtown,Fair,No,673944,No,673944,3,2008,2891,Downtown,3
1924,1267,2,2,2,1941,Suburban,Poor,No,346508,No,346508,2,1267,2891,Suburban,2
1925,2544,5,2,2,1931,Rural,Poor,Yes,681359,Yes,681359,2,2544,2891,Rural,2
1926,2639,5,1,2,1925,Rural,Poor,Yes,406554,Yes,406554,1,2639,2891,Rural,2
1927,3529,2,3,1,2014,Downtown,Poor,Yes,201168,Yes,201168,3,3529,2891,Downtown,1
1928,2049,4,1,1,1900,Rural,Fair,No,193092,No,193092,1,2049,2891,Rural,1
1929,2264,1,1,1,1955,Downtown,Excellent,Yes,632761,Yes,632761,1,2264,2891,Downtown,1
1930,3145,3,3,3,2021,Downtown,Poor,Yes,291472,Yes,291472,3,3145,2891,Downtown,3
1931,4216,5,3,1,2005,Downtown,Excellent,Yes,356297,Yes,356297,3,4216,2891,Downtown,1
1932,4981,3,4,3,1901,Downtown,Good,Yes,222349,Yes,222349,4,4981,2891,Downtown,3
1933,2793,4,3,2,1980,Suburban,Good,No,350646,No,350646,3,2793,2891,Suburban,2
1934,3208,5,2,2,1929,Urban,Poor,No,65675,No,65675,2,3208,2891,Urban,2
1935,1400,3,3,1,2019,Urban,Good,No,991869,No,991869,3,1400,2891,Urban,1
1936,3584,4,4,2,2002,Suburban,Excellent,Yes,168384,Yes,168384,4,3584,2891,Suburban,2
1937,2509,1,4,1,1970,Rural,Excellent,Yes,128229,Yes,128229,4,2509,2891,Rural,1
1938,741,4,4,3,1951,Rural,Good,Yes,663337,Yes,663337,4,741,2891,Rural,3
1939,2885,5,3,2,1990,Urban,Poor,No,757508,No,757508,3,2885,2891,Urban,2
1940,4768,2,3,1,1908,Rural,Excellent,No,401301,No,401301,3,4768,2891,Rural,1
1941,1171,1,1,2,1921,Urban,Excellent,No,270319,No,270319,1,1171,2891,Urban,2
1942,663,3,1,2,1933,Urban,Fair,No,679999,No,679999,1,663,2891,Urban,2
1943,964,5,2,1,2009,Suburban,Poor,No,684378,No,684378,2,964,2891,Suburban,1
1944,3542,2,1,2,1948,Rural,Fair,Yes,929753,Yes,929753,1,3542,2891,Rural,2
1945,2942,4,2,2,1900,Suburban,Good,No,776262,No,776262,2,2942,2891,Suburban,2
1946,2855,2,4,2,1972,Urban,Good,No,862897,No,862897,4,2855,2891,Urban,2
1947,4778,5,1,2,1983,Urban,Fair,No,868718,No,868718,1,4778,2891,Urban,2
1948,3057,5,3,3,1952,Urban,Poor,Yes,104795,Yes,104795,3,3057,2891,Urban,3
1949,1045,2,1,2,1982,Downtown,Excellent,No,420283,No,420283,1,1045,2891,Downtown,2
1950,4335,4,2,2,1999,Downtown,Good,No,784543,No,784543,2,4335,2891,Downtown,2
1951,1093,2,1,1,2023,Downtown,Poor,No,153845,No,153845,1,1093,2891,Downtown,1
1952,4304,5,4,3,1939,Suburban,Poor,Yes,362130,Yes,362130,4,4304,2891,Suburban,3
1953,1959,5,3,1,1944,Urban,Good,Yes,387540,Yes,387540,3,1959,2891,Urban,1
1954,3993,3,2,1,1967,Rural,Good,No,891610,No,891610,2,3993,2891,Rural,1
1955,3101,3,3,1,1908,Suburban,Poor,No,847177,No,847177,3,3101,2891,Suburban,1
1956,2944,1,3,3,2004,Suburban,Excellent,No,828520,No,828520,3,2944,2891,Suburban,3
1957,3172,5,2,1,1921,Suburban,Fair,No,303730,No,303730,2,3172,2891,Suburban,1
1958,4700,3,3,1,1917,Rural,Good,Yes,253426,Yes,253426,3,4700,2891,Rural,1
1959,516,2,3,1,1975,Urban,Fair,No,916069,No,916069,3,516,2891,Urban,1
1960,3691,4,1,2,2005,Downtown,Poor,Yes,972532,Yes,972532,1,3691,2891,Downtown,2
1961,892,2,3,1,1942,Urban,Fair,No,279333,No,279333,3,892,2891,Urban,1
1962,924,4,3,3,1938,Urban,Excellent,Yes,622854,Yes,622854,3,924,2891,Urban,3
1963,1071,3,3,3,1972,Suburban,Poor,Yes,880154,Yes,880154,3,1071,2891,Suburban,3
1964,4131,1,3,2,1905,Suburban,Excellent,No,923055,No,923055,3,4131,2891,Suburban,2
1965,1620,2,2,3,1982,Suburban,Poor,Yes,423218,Yes,423218,2,1620,2891,Suburban,3
1966,741,2,4,3,1947,Downtown,Excellent,No,649262,No,649262,4,741,2891,Downtown,3
1967,4397,2,1,2,2010,Downtown,Poor,Yes,526908,Yes,526908,1,4397,2891,Downtown,2
1968,4595,4,3,1,1906,Downtown,Excellent,Yes,396228,Yes,396228,3,4595,2891,Downtown,1
1969,2779,3,3,2,1979,Urban,Poor,No,220951,No,220951,3,2779,2891,Urban,2
1970,1288,2,2,1,1968,Suburban,Excellent,No,467983,No,467983,2,1288,2891,Suburban,1
1971,1214,2,4,1,1915,Rural,Poor,Yes,298595,Yes,298595,4,1214,2891,Rural,1
1972,3349,1,3,3,1900,Urban,Excellent,Yes,953785,Yes,953785,3,3349,2891,Urban,3
1973,1275,1,2,2,2014,Downtown,Good,No,678705,No,678705,2,1275,2891,Downtown,2
1974,4526,3,1,3,1936,Rural,Fair,No,904531,No,904531,1,4526,2891,Rural,3
1975,2747,3,1,3,2002,Rural,Poor,No,229729,No,229729,1,2747,2891,Rural,3
1976,578,5,3,1,1982,Suburban,Excellent,Yes,189570,Yes,189570,3,578,2891,Suburban,1
1977,4426,1,3,3,2017,Rural,Good,No,254739,No,254739,3,4426,2891,Rural,3
1978,1355,5,4,2,1936,Downtown,Poor,No,337251,No,337251,4,1355,2891,Downtown,2
1979,2648,4,4,3,1980,Suburban,Poor,Yes,734153,Yes,734153,4,2648,2891,Suburban,3
1980,1531,5,3,3,1963,Rural,Poor,No,970200,No,970200,3,1531,2891,Rural,3
1981,3771,2,2,1,1989,Suburban,Fair,No,890271,No,890271,2,3771,2891,Suburban,1
1982,4076,5,4,2,1985,Rural,Excellent,No,663529,No,663529,4,4076,2891,Rural,2
1983,4682,3,3,3,1961,Urban,Excellent,No,597685,No,597685,3,4682,2891,Urban,3
1984,3956,4,4,1,1971,Urban,Poor,Yes,581992,Yes,581992,4,3956,2891,Urban,1
1985,4006,2,3,3,1960,Downtown,Poor,No,852874,No,852874,3,4006,2891,Downtown,3
1986,907,5,1,2,1932,Urban,Poor,No,769148,No,769148,1,907,2891,Urban,2
1987,3211,4,3,3,1965,Urban,Good,No,179576,No,179576,3,3211,2891,Urban,3
1988,3588,4,1,3,1929,Urban,Poor,No,59765,No,59765,1,3588,2891,Urban,3
1989,2168,2,4,1,2010,Rural,Fair,No,427972,No,427972,4,2168,2891,Rural,1
1990,647,5,3,3,1919,Rural,Excellent,No,60002,No,60002,3,647,2891,Rural,3
1991,4827,4,4,1,1959,Suburban,Fair,Yes,834141,Yes,834141,4,4827,2891,Suburban,1
1992,4397,4,1,2,1981,Rural,Poor,Yes,847822,Yes,847822,1,4397,2891,Rural,2
1993,2450,1,3,3,2006,Urban,Good,Yes,225508,Yes,225508,3,2450,2891,Urban,3
1994,865,4,4,2,2020,Rural,Poor,No,308446,No,308446,4,865,2891,Rural,2
1995,2174,1,1,2,1973,Downtown,Poor,No,527698,No,527698,1,2174,2891,Downtown,2
1996,4994,5,4,3,1923,Suburban,Poor,No,295620,No,295620,4,4994,2891,Suburban,3
1997,3046,5,2,1,2019,Suburban,Poor,Yes,580929,Yes,580929,2,3046,2891,Suburban,1
1998,1062,5,1,2,1903,Rural,Poor,No,476925,No,476925,1,1062,2891,Rural,2
1999,4062,3,1,2,1936,Urban,Excellent,Yes,161119,Yes,161119,1,4062,2891,Urban,2
2000,2989,5,1,3,1903,Suburban,Fair,No,482525,No,482525,1,2989,2891,Suburban,3
